Latitude,Longitude,Trmpurature,,,,,,,,,
0,0,33.03,100496,69.24,55,-0.47,0.04,8.65,0.67,-0.33,-0.14
0,0,33.03,100496,69.24,55,-0.47,0.04,8.65,0.67,-0.33,-0.14
0,0,33.04,100497,69.15,55,-0.46,0.05,8.63,0.67,-0.33,-0.14
0,0,33.04,100497,69.15,55,-0.46,0.05,8.63,0.67,-0.33,-0.14
0,0,33.04,100497,69.15,55,-0.48,0.06,8.63,0.67,-0.33,-0.14
0,0,33.04,100497,69.15,55,-0.48,0.06,8.63,0.67,-0.33,-0.14
0,0,33.05,100496,69.24,55,-0.47,0.06,8.64,0.67,-0.33,-0.14
0,0,33.05,100496,69.24,55,-0.47,0.06,8.64,0.67,-0.33,-0.14
0,0,33.05,100496,69.24,55,-0.47,0.06,8.64,0.67,-0.33,-0.14
0,0,33.05,100496,69.24,55,-0.47,0.06,8.64,0.67,-0.33,-0.14
0,0,33.06,100499,68.99,55,-0.46,0.06,8.63,0.67,-0.33,-0.14
0,0,33.06,100499,68.99,55,-0.46,0.06,8.63,0.67,-0.33,-0.14
0,0,33.06,100499,68.99,55,-0.48,0.05,8.63,0.67,-0.33,-0.14
0,0,33.06,100499,68.99,55,-0.48,0.05,8.63,0.67,-0.33,-0.14
0,0,33.06,100498,69.07,55,-0.47,0.05,8.62,0.67,-0.33,-0.14
0,0,33.06,100498,69.07,55,-0.47,0.05,8.62,0.67,-0.33,-0.14
0,0,33.07,100497,69.15,55,-0.48,0.05,8.65,0.67,-0.33,-0.14
0,0,33.07,100497,69.15,55,-0.48,0.05,8.65,0.67,-0.33,-0.14
0,0,33.08,100497,69.15,55,-0.47,0.06,8.65,0.67,-0.33,-0.14
0,0,33.08,100497,69.15,55,-0.47,0.06,8.65,0.67,-0.33,-0.14
0,0,33.08,100498,69.07,55,-0.47,0.06,8.62,0.67,-0.33,-0.14
0,0,33.08,100498,69.07,55,-0.47,0.06,8.62,0.67,-0.33,-0.14
0,0,33.09,100497,69.15,55,-0.46,0.05,8.64,0.67,-0.33,-0.14
0,0,33.09,100497,69.15,55,-0.46,0.05,8.64,0.67,-0.33,-0.14
0,0,33.1,100498,69.07,55,-0.46,0.06,8.64,0.66,-0.33,-0.14
0,0,33.1,100498,69.07,55,-0.46,0.06,8.64,0.66,-0.33,-0.14
0,0,33.1,100496,69.24,55,-0.48,0.04,8.64,0.67,-0.33,-0.14
0,0,33.1,100496,69.24,55,-0.48,0.04,8.64,0.67,-0.33,-0.14
0,0,33.1,100498,69.07,55,-0.46,0.05,8.65,0.67,-0.33,-0.14
0,0,33.1,100498,69.07,55,-0.46,0.05,8.65,0.67,-0.33,-0.14
0,0,33.11,100494,69.41,55,-0.47,0.03,8.62,0.67,-0.33,-0.14
0,0,33.11,100494,69.41,55,-0.47,0.03,8.62,0.67,-0.33,-0.14
0,0,33.11,100498,69.07,55,-0.46,0.05,8.64,0.67,-0.33,-0.14
0,0,33.11,100498,69.07,55,-0.46,0.05,8.64,0.67,-0.33,-0.14
0,0,33.12,100496,69.24,55,-0.48,0.04,8.61,0.67,-0.33,-0.14
0,0,33.12,100496,69.24,55,-0.48,0.04,8.61,0.67,-0.33,-0.14
0,0,33.13,100500,68.9,55,-0.48,0.05,8.63,0.67,-0.33,-0.14
0,0,33.13,100500,68.9,55,-0.48,0.05,8.63,0.67,-0.33,-0.14
0,0,33.13,100498,69.07,55,-0.47,0.04,8.63,0.67,-0.33,-0.14
0,0,33.13,100498,69.07,55,-0.47,0.04,8.63,0.67,-0.33,-0.14
0,0,33.13,100498,69.07,55,-0.47,0.04,8.65,0.67,-0.33,-0.14
0,0,33.13,100498,69.07,55,-0.47,0.04,8.65,0.67,-0.33,-0.14
0,0,33.14,100500,68.9,55,-0.45,0.06,8.65,0.67,-0.33,-0.14
0,0,33.14,100500,68.9,55,-0.45,0.06,8.65,0.67,-0.33,-0.14
0,0,33.15,100498,69.07,55,-0.47,0.05,8.63,0.67,-0.33,-0.14
0,0,33.15,100498,69.07,55,-0.47,0.05,8.63,0.67,-0.33,-0.14
0,0,33.46,100491,69.66,55,-0.71,-8.06,4.21,0.66,-0.31,-0.14
0,0,33.46,100491,69.66,55,-0.71,-8.06,4.21,0.66,-0.31,-0.14
0,0,33.46,100488,69.91,55,-0.68,-8.03,4.14,0.65,-0.29,-0.13
0,0,33.46,100488,69.91,55,-0.68,-8.03,4.14,0.65,-0.29,-0.13
0,0,33.47,100490,69.74,55,-0.73,-8.04,4.15,0.67,-0.33,-0.15
0,0,33.47,100490,69.74,55,-0.73,-8.04,4.15,0.67,-0.33,-0.15
0,0,33.47,100491,69.66,55,-0.66,-8,4.13,0.67,-0.35,-0.13
0,0,33.47,100491,69.66,55,-0.66,-8,4.13,0.67,-0.35,-0.13
0,0,33.48,100488,69.91,55,-0.6,-8.04,4.15,0.66,-0.34,-0.15
0,0,33.48,100488,69.91,55,-0.6,-8.04,4.15,0.66,-0.34,-0.15
0,0,33.49,100488,69.91,55,-0.69,-8.16,4.23,0.67,-0.33,-0.14
0,0,33.49,100488,69.91,55,-0.69,-8.16,4.23,0.67,-0.33,-0.14
0,0,33.49,100492,69.57,55,-0.56,-8.08,4,0.59,-0.26,-0.17
0,0,33.49,100492,69.57,55,-0.56,-8.08,4,0.59,-0.26,-0.17
0,0,33.5,100489,69.83,55,-0.9,-8.31,3.94,0.61,-0.33,-0.12
0,0,33.5,100489,69.83,55,-0.9,-8.31,3.94,0.61,-0.33,-0.12
0,0,33.51,100493,69.49,55,-0.82,-8.17,3.67,0.59,-0.28,-0.11
0,0,33.51,100493,69.49,55,-0.82,-8.17,3.67,0.59,-0.28,-0.11
0,0,33.51,100489,69.83,55,-0.84,-8.26,3.95,0.69,-0.35,-0.12
0,0,33.51,100489,69.83,55,-0.84,-8.26,3.95,0.69,-0.35,-0.12
0,0,33.52,100490,69.74,55,-0.91,-7.96,4.02,0.61,-0.36,-0.12
0,0,33.52,100490,69.74,55,-0.91,-7.96,4.02,0.61,-0.36,-0.12
0,0,33.53,100491,69.66,55,-0.72,-8.27,3.74,0.68,-0.33,-0.14
0,0,33.53,100491,69.66,55,-0.72,-8.27,3.74,0.68,-0.33,-0.14
0,0,33.54,100491,69.66,55,-0.66,-8.3,3.74,0.67,-0.32,-0.18
0,0,33.54,100491,69.66,55,-0.66,-8.3,3.74,0.67,-0.32,-0.18
0,0,33.55,100491,69.66,55,-0.71,-8.32,3.66,0.66,-0.31,-0.17
0,0,33.55,100491,69.66,55,-0.71,-8.32,3.66,0.66,-0.31,-0.17
0,0,33.55,100489,69.83,55,-0.64,-7.93,3.77,0.63,-0.42,0
0,0,33.55,100489,69.83,55,-0.64,-7.93,3.77,0.63,-0.42,0
0,0,33.55,100490,69.74,55,-1.45,-7.25,4.69,0.84,-0.44,0.11
0,0,33.55,100490,69.74,55,-1.45,-7.25,4.69,0.84,-0.44,0.11
0,0,33.56,100492,69.57,55,-1.27,-7.11,4.39,0.08,-0.33,0.29
0,0,33.56,100492,69.57,55,-1.27,-7.11,4.39,0.08,-0.33,0.29
0,0,33.57,100492,69.57,55,-0.69,-7.21,5.38,0.72,-0.48,-0.2
0,0,33.57,100492,69.57,55,-0.69,-7.21,5.38,0.72,-0.48,-0.2
0,0,33.57,100492,69.57,55,-0.47,-7.23,6.5,0.66,-0.16,-0.25
0,0,33.57,100492,69.57,55,-0.47,-7.23,6.5,0.66,-0.16,-0.25
0,0,33.58,100491,69.66,55,0.06,-6.24,6.39,0.57,-0.37,0.02
0,0,33.58,100491,69.66,55,0.06,-6.24,6.39,0.57,-0.37,0.02
0,0,33.59,100492,69.57,55,0.16,-7.02,5.08,0.6,-0.74,-0.44
0,0,33.59,100492,69.57,55,0.16,-7.02,5.08,0.6,-0.74,-0.44
0,0,33.59,100493,69.49,55,0.52,-5.51,5.78,0.78,-0.48,0
0,0,33.59,100493,69.49,55,0.52,-5.51,5.78,0.78,-0.48,0
0,0,33.6,100492,69.57,55,1.02,-5.83,6.15,0.41,-0.38,-0.23
0,0,33.6,100492,69.57,55,1.02,-5.83,6.15,0.41,-0.38,-0.23
0,0,33.6,100491,69.66,55,0.3,-7.43,6.53,0.19,-0.01,-0.51
0,0,33.6,100491,69.66,55,0.3,-7.43,6.53,0.19,-0.01,-0.51
0,0,33.6,100490,69.74,55,-0.66,-9.23,6.78,1.12,-0.26,-0.5
0,0,33.6,100490,69.74,55,-0.66,-9.23,6.78,1.12,-0.26,-0.5
0,0,33.62,100492,69.57,55,-0.48,-7.53,5.38,1.37,-0.42,-0.2
0,0,33.62,100492,69.57,55,-0.48,-7.53,5.38,1.37,-0.42,-0.2
0,0,33.62,100493,69.49,55,-1.55,-6.39,6.05,1.27,-0.29,0.39
0,0,33.62,100493,69.49,55,-1.55,-6.39,6.05,1.27,-0.29,0.39
0,0,33.63,100490,69.74,55,-2.17,-6.1,5.88,0.95,-0.28,0.34
0,0,33.63,100490,69.74,55,-2.17,-6.1,5.88,0.95,-0.28,0.34
0,0,33.63,100490,69.74,55,-1.82,-6.92,5.98,1.28,-0.49,-0.19
0,0,33.63,100490,69.74,55,-1.82,-6.92,5.98,1.28,-0.49,-0.19
0,0,33.64,100490,69.74,55,-1.25,-6.95,5.25,1.16,-0.4,-0.19
0,0,33.64,100490,69.74,55,-1.25,-6.95,5.25,1.16,-0.4,-0.19
0,0,33.64,100492,69.57,55,-1.11,-6.95,5.15,1.11,-0.42,0.06
0,0,33.64,100492,69.57,55,-1.11,-6.95,5.15,1.11,-0.42,0.06
0,0,33.65,100491,69.66,55,-0.52,-6.51,5.16,1.24,-0.63,0.23
0,0,33.65,100491,69.66,55,-0.52,-6.51,5.16,1.24,-0.63,0.23
0,0,33.66,100492,69.57,55,-0.09,-5.04,4.98,0.6,-0.58,0.32
0,0,33.66,100492,69.57,55,-0.09,-5.04,4.98,0.6,-0.58,0.32
0,0,33.66,100493,69.49,55,1.12,-5.83,5.42,0.32,-0.3,-0.33
0,0,33.66,100493,69.49,55,1.12,-5.83,5.42,0.32,-0.3,-0.33
0,0,33.67,100492,69.57,55,0.83,-5.62,6.75,0.77,-0.89,0.79
0,0,33.67,100492,69.57,55,0.83,-5.62,6.75,0.77,-0.89,0.79
0,0,33.68,100492,69.57,55,0.82,-5.95,6.12,0.48,-0.43,-0.04
0,0,33.68,100492,69.57,55,0.82,-5.95,6.12,0.48,-0.43,-0.04
0,0,33.68,100491,69.66,55,0.89,-5.62,6.46,0.59,-0.88,0.05
0,0,33.68,100491,69.66,55,0.89,-5.62,6.46,0.59,-0.88,0.05
0,0,33.69,100493,69.49,55,2.65,-7.37,5.22,0.3,-0.84,0.32
0,0,33.69,100493,69.49,55,2.65,-7.37,5.22,0.3,-0.84,0.32
0,0,33.7,100492,69.57,55,0.64,-7.75,5.32,0.81,0.18,-0.41
0,0,33.7,100492,69.57,55,0.64,-7.75,5.32,0.81,0.18,-0.41
0,0,33.7,100495,69.32,55,1.45,-7.53,4.06,0.6,-0.42,-0.17
0,0,33.7,100495,69.32,55,1.45,-7.53,4.06,0.6,-0.42,-0.17
0,0,33.71,100491,69.66,55,1.14,-7.59,4.94,0.95,-0.48,0.09
0,0,33.71,100491,69.66,55,1.14,-7.59,4.94,0.95,-0.48,0.09
0,0,33.71,100494,69.41,55,0.95,-9.02,6.58,-0.02,-0.42,-0.4
0,0,33.71,100494,69.41,55,0.95,-9.02,6.58,-0.02,-0.42,-0.4
0,0,33.72,100495,69.32,55,2.15,-7.75,4.47,0.5,-0.41,-0.23
0,0,33.72,100495,69.32,55,2.15,-7.75,4.47,0.5,-0.41,-0.23
0,0,33.73,100492,69.57,55,0.49,-10.2,-3.56,0,-0.53,0.37
0,0,33.73,100492,69.57,55,0.49,-10.2,-3.56,0,-0.53,0.37
0,0,33.74,100491,69.66,55,3.24,-6.55,-7.11,4.37,-0.24,0.96
0,0,33.74,100491,69.66,55,3.24,-6.55,-7.11,4.37,-0.24,0.96
0,0,33.74,100492,69.57,55,-1.6,-7.77,-4.92,-1.46,-0.61,-2.15
0,0,33.74,100492,69.57,55,-1.6,-7.77,-4.92,-1.46,-0.61,-2.15
0,0,33.75,100490,69.74,55,1.28,-5.34,-8.82,0.49,0.03,-0.37
0,0,33.75,100490,69.74,55,1.28,-5.34,-8.82,0.49,0.03,-0.37
0,0,33.75,100491,69.66,55,5.71,-4.8,-7.05,1.3,0.05,-0.42
0,0,33.75,100491,69.66,55,5.71,-4.8,-7.05,1.3,0.05,-0.42
0,0,33.76,100491,69.66,55,4.43,-7.43,-4.56,0.49,-0.21,0.97
0,0,33.76,100491,69.66,55,4.43,-7.43,-4.56,0.49,-0.21,0.97
0,0,33.76,100488,69.91,55,-4.04,-6.75,-4.58,0.76,-0.85,-1.08
0,0,33.76,100488,69.91,55,-4.04,-6.75,-4.58,0.76,-0.85,-1.08
0,0,33.77,100492,69.57,55,-1.32,-16.9,-0.73,0.52,-1.06,-0.36
0,0,33.77,100492,69.57,55,-1.32,-16.9,-0.73,0.52,-1.06,-0.36
0,0,33.77,100490,69.74,55,-2.78,-9.06,3.6,2.22,0.73,0.29
0,0,33.77,100490,69.74,55,-2.78,-9.06,3.6,2.22,0.73,0.29
0,0,33.78,100488,69.91,55,1,-5.37,-1.24,0.04,-0.91,-1.48
0,0,33.78,100488,69.91,55,1,-5.37,-1.24,0.04,-0.91,-1.48
0,0,33.78,100493,69.49,55,0.71,-8.76,2.38,0.82,-0.13,-0.08
0,0,33.78,100493,69.49,55,0.71,-8.76,2.38,0.82,-0.13,-0.08
0,0,33.79,100493,69.49,55,3.38,-8.93,0.67,0.67,-0.84,-0.34
0,0,33.79,100493,69.49,55,3.38,-8.93,0.67,0.67,-0.84,-0.34
0,0,33.8,100493,69.49,55,4.61,-8.3,-0.21,0.43,-0.27,-0.09
0,0,33.8,100493,69.49,55,4.61,-8.3,-0.21,0.43,-0.27,-0.09
0,0,33.8,100494,69.41,55,4.96,-9.77,3.41,0.56,-0.01,-0.46
0,0,33.8,100494,69.41,55,4.96,-9.77,3.41,0.56,-0.01,-0.46
0,0,33.81,100493,69.49,55,5.47,-7.62,1.54,0.71,-0.31,-0.13
0,0,33.81,100493,69.49,55,5.47,-7.62,1.54,0.71,-0.31,-0.13
0,0,33.82,100494,69.41,55,5.43,-7.73,1.62,0.64,-0.34,-0.09
0,0,33.82,100494,69.41,55,5.43,-7.73,1.62,0.64,-0.34,-0.09
0,0,33.82,100492,69.57,55,5.37,-7.62,1.64,0.65,-0.33,-0.15
0,0,33.82,100492,69.57,55,5.37,-7.62,1.64,0.65,-0.33,-0.15
0,0,33.84,100496,69.24,55,5.44,-7.57,1.74,0.67,-0.34,-0.14
0,0,33.84,100496,69.24,55,5.44,-7.57,1.74,0.67,-0.34,-0.14
0,0,33.85,100493,69.49,55,5.46,-7.56,1.74,0.68,-0.36,-0.12
0,0,33.85,100493,69.49,55,5.46,-7.56,1.74,0.68,-0.36,-0.12
0,0,33.85,100493,69.49,55,5.5,-7.59,1.88,0.66,-0.33,-0.17
0,0,33.85,100493,69.49,55,5.5,-7.59,1.88,0.66,-0.33,-0.17
0,0,33.86,100493,69.49,55,5.58,-7.36,1.76,0.65,-0.31,-0.15
0,0,33.86,100493,69.49,55,5.58,-7.36,1.76,0.65,-0.31,-0.15
0,0,33.87,100494,69.41,55,5.55,-7.32,1.93,0.67,-0.33,-0.13
0,0,33.87,100494,69.41,55,5.55,-7.32,1.93,0.67,-0.33,-0.13
0,0,33.87,100494,69.41,55,5.66,-7.36,2.31,0.77,-0.32,-0.18
0,0,33.87,100494,69.41,55,5.66,-7.36,2.31,0.77,-0.32,-0.18
0,0,33.88,100491,69.66,55,5.68,-7.11,2.5,0.74,-0.4,-0.14
0,0,33.88,100491,69.66,55,5.68,-7.11,2.5,0.74,-0.4,-0.14
0,0,33.88,100492,69.57,55,5.66,-6.75,2.89,0.66,-0.39,-0.05
0,0,33.88,100492,69.57,55,5.66,-6.75,2.89,0.66,-0.39,-0.05
0,0,33.89,100497,69.15,55,5.81,-7.15,2.54,0.82,-0.38,-0.04
0,0,33.89,100497,69.15,55,5.81,-7.15,2.54,0.82,-0.38,-0.04
0,0,33.9,100494,69.41,55,5.42,-7.26,3.4,0.8,-0.26,-0.12
0,0,33.9,100494,69.41,55,5.42,-7.26,3.4,0.8,-0.26,-0.12
0,0,33.9,100493,69.49,55,5.17,-7.21,3.96,0.68,-0.28,-0.11
0,0,33.9,100493,69.49,55,5.17,-7.21,3.96,0.68,-0.28,-0.11
0,0,33.91,100492,69.57,55,2.65,-6.74,3.04,1.03,-0.21,-0.02
0,0,33.91,100492,69.57,55,2.65,-6.74,3.04,1.03,-0.21,-0.02
0,0,33.92,100494,69.41,55,4.28,-8.53,1.72,0.14,-0.51,-0.34
0,0,33.92,100494,69.41,55,4.28,-8.53,1.72,0.14,-0.51,-0.34
0,0,33.92,100492,69.57,55,26.31,-17.21,14.49,-0.93,-2.49,2.75
0,0,33.92,100492,69.57,55,26.31,-17.21,14.49,-0.93,-2.49,2.75
0,0,33.93,100493,69.49,55,-1.02,3.19,6.17,-1.19,-4.72,1.46
0,0,33.93,100493,69.49,55,-1.02,3.19,6.17,-1.19,-4.72,1.46
0,0,33.93,100522,67.06,55,-2.82,9.21,17.53,-3.72,4.01,3.02
0,0,33.93,100522,67.06,55,-2.82,9.21,17.53,-3.72,4.01,3.02
0,0,33.93,100550,64.72,55,-3.09,7.38,12.07,-0.94,0.69,1.53
0,0,33.93,100550,64.72,55,-3.09,7.38,12.07,-0.94,0.69,1.53
0,0,33.94,100573,62.79,55,0.88,-0.51,0.06,4.77,4.01,-2.87
0,0,33.94,100573,62.79,55,0.88,-0.51,0.06,4.77,4.01,-2.87
0,0,33.93,100591,61.28,55,2.18,-2,3.87,-3.72,-4.72,0.01
0,0,33.93,100591,61.28,55,2.18,-2,3.87,-3.72,-4.72,0.01
0,0,33.97,100607,59.94,55,-2.28,-9.41,-1.46,0,0,0
0,0,33.97,100607,59.94,55,-2.28,-9.41,-1.46,0,0,0
0,0,33.98,100606,60.03,55,-2.29,-9.4,-1.46,0,0,0
0,0,33.98,100606,60.03,55,-2.29,-9.4,-1.46,0,0,0
0,0,33.98,100604,60.19,55,-2.29,-9.42,-1.47,0,0,0
0,0,33.98,100604,60.19,55,-2.29,-9.42,-1.47,0,0,0
0,0,33.98,100606,60.03,55,-2.28,-9.41,-1.47,0,0,0
0,0,33.98,100606,60.03,55,-2.28,-9.41,-1.47,0,0,0
0,0,33.99,100606,60.03,55,-2.29,-9.42,-1.46,0,0,0
0,0,33.99,100606,60.03,55,-2.29,-9.42,-1.46,0,0,0
0,0,34,100604,60.19,55,-2.28,-9.41,-1.47,0,0,0
0,0,34,100604,60.19,55,-2.28,-9.41,-1.47,0,0,0
0,0,34,100607,59.94,55,-2.26,-9.41,-1.45,0,0,0
0,0,34,100607,59.94,55,-2.26,-9.41,-1.45,0,0,0
0,0,34.01,100609,59.77,55,-2.29,-9.41,-1.47,0,0,0
0,0,34.01,100609,59.77,55,-2.29,-9.41,-1.47,0,0,0
0,0,34.01,100605,60.11,55,-2.29,-9.42,-1.46,0,0,0
0,0,34.01,100605,60.11,55,-2.29,-9.42,-1.46,0,0,0
0,0,34.02,100606,60.03,55,-2.29,-9.41,-1.48,0,0,0
0,0,34.02,100606,60.03,55,-2.29,-9.41,-1.48,0,0,0
0,0,34.03,100607,59.94,55,-2.29,-9.42,-1.45,0,0,0
0,0,34.03,100607,59.94,55,-2.29,-9.42,-1.45,0,0,0
0,0,34.03,100605,60.11,55,-2.29,-9.41,-1.47,0,0,0
0,0,34.03,100605,60.11,55,-2.29,-9.41,-1.47,0,0,0
0,0,34.04,100606,60.03,55,-2.29,-9.41,-1.46,0,0,0
0,0,34.04,100606,60.03,55,-2.29,-9.41,-1.46,0,0,0
0,0,34.04,100607,59.94,55,-2.28,-9.41,-1.47,0,0,0
0,0,34.04,100607,59.94,55,-2.28,-9.41,-1.47,0,0,0
0,0,34.05,100605,60.11,55,-2.29,-9.41,-1.47,0,0,0
0,0,34.05,100605,60.11,55,-2.29,-9.41,-1.47,0,0,0
0,0,34.06,100605,60.11,55,-2.29,-9.41,-1.5,0,0,0
0,0,34.06,100605,60.11,55,-2.29,-9.41,-1.5,0,0,0
0,0,34.06,100605,60.11,55,-2.3,-9.41,-1.47,0,0,0
0,0,34.06,100605,60.11,55,-2.3,-9.41,-1.47,0,0,0
0,0,34.06,100605,60.11,55,-2.29,-9.4,-1.47,0,0,0
0,0,34.06,100605,60.11,55,-2.29,-9.4,-1.47,0,0,0
0,0,34.07,100607,59.94,55,-2.29,-9.41,-1.45,0,0,0
0,0,34.07,100607,59.94,55,-2.29,-9.41,-1.45,0,0,0
0,0,34.08,100607,59.94,55,-2.29,-9.41,-1.47,0,0,0
0,0,34.08,100607,59.94,55,-2.29,-9.41,-1.47,0,0,0
0,0,34.09,100606,60.03,55,-2.29,-9.42,-1.47,0,0,0
0,0,34.09,100606,60.03,55,-2.29,-9.42,-1.47,0,0,0
0,0,34.09,100607,59.94,55,-2.29,-9.4,-1.48,0,0,0
0,0,34.09,100607,59.94,55,-2.29,-9.4,-1.48,0,0,0
0,0,34.09,100604,60.19,55,-2.3,-9.4,-1.47,0,0,0
0,0,34.09,100604,60.19,55,-2.3,-9.4,-1.47,0,0,0
0,0,34.1,100604,60.19,55,-2.29,-9.41,-1.51,0,0,0
0,0,34.1,100604,60.19,55,-2.29,-9.41,-1.51,0,0,0
0,0,34.11,100605,60.11,55,-2.28,-9.4,-1.47,0,0,0
0,0,34.11,100605,60.11,55,-2.28,-9.4,-1.47,0,0,0
0,0,34.11,100608,59.86,55,-2.28,-9.4,-1.45,0,0,0
0,0,34.11,100608,59.86,55,-2.28,-9.4,-1.45,0,0,0
0,0,34.11,100604,60.19,55,-2.3,-9.41,-1.47,0,0,0
0,0,34.11,100604,60.19,55,-2.3,-9.41,-1.47,0,0,0
0,0,34.13,100607,59.94,55,-2.28,-9.41,-1.46,0,0,0
0,0,34.13,100607,59.94,55,-2.28,-9.41,-1.46,0,0,0
0,0,34.13,100604,60.19,55,-2.3,-9.43,-1.45,0,0,0
0,0,34.13,100604,60.19,55,-2.3,-9.43,-1.45,0,0,0
0,0,34.14,100605,60.11,55,-2.3,-9.4,-1.46,0,0,0
0,0,34.14,100605,60.11,55,-2.3,-9.4,-1.46,0,0,0
0,0,34.14,100605,60.11,55,-2.29,-9.41,-1.49,0,0,0
0,0,34.14,100605,60.11,55,-2.29,-9.41,-1.49,0,0,0
0,0,34.15,100605,60.11,55,-2.3,-9.43,-1.49,0,0,0
0,0,34.15,100605,60.11,55,-2.3,-9.43,-1.49,0,0,0
0,0,34.16,100608,59.86,55,-2.3,-9.4,-1.46,0,0,0
0,0,34.16,100608,59.86,55,-2.3,-9.4,-1.46,0,0,0
0,0,34.16,100608,59.86,55,-2.29,-9.41,-1.48,0,0,0
0,0,34.16,100608,59.86,55,-2.29,-9.41,-1.48,0,0,0
0,0,34.17,100607,59.94,55,-2.3,-9.4,-1.48,0,0,0
0,0,34.17,100607,59.94,55,-2.3,-9.4,-1.48,0,0,0
0,0,34.17,100606,60.03,55,-2.28,-9.4,-1.48,0,0,0
0,0,34.17,100606,60.03,55,-2.28,-9.4,-1.48,0,0,0
0,0,34.19,100607,59.94,55,-2.29,-9.4,-1.46,0,0,0
0,0,34.19,100607,59.94,55,-2.29,-9.4,-1.46,0,0,0
0,0,34.19,100610,59.69,55,-2.29,-9.4,-1.47,0,0,0
0,0,34.19,100610,59.69,55,-2.29,-9.4,-1.47,0,0,0
0,0,34.2,100606,60.03,55,-2.29,-9.41,-1.49,0,0,0
0,0,34.2,100606,60.03,55,-2.29,-9.41,-1.49,0,0,0
0,0,34.2,100609,59.77,55,-2.28,-9.41,-1.48,0,0,0
0,0,34.2,100609,59.77,55,-2.28,-9.41,-1.48,0,0,0
0,0,34.21,100608,59.86,55,-2.29,-9.42,-1.47,0,0,0
0,0,34.21,100608,59.86,55,-2.29,-9.42,-1.47,0,0,0
0,0,34.21,100608,59.86,55,-2.29,-9.4,-1.49,0,0,0
0,0,34.21,100608,59.86,55,-2.29,-9.4,-1.49,0,0,0
0,0,34.22,100608,59.86,55,-2.28,-9.41,-1.49,0,0,0
0,0,34.22,100608,59.86,55,-2.28,-9.41,-1.49,0,0,0
0,0,34.23,100610,59.69,55,-2.3,-9.4,-1.47,0,0,0
0,0,34.23,100610,59.69,55,-2.3,-9.4,-1.47,0,0,0
0,0,34.23,100609,59.77,55,-10.11,-8.73,2.38,1.19,0.1,2.08
0,0,34.23,100609,59.77,55,-10.11,-8.73,2.38,1.19,0.1,2.08
0,0,34.24,100601,60.44,55,-5.43,6.54,-3.37,-0.6,-1.02,-2.23
0,0,34.24,100601,60.44,55,-5.43,6.54,-3.37,-0.6,-1.02,-2.23
0,0,34.25,100594,61.03,55,-1.83,9.39,0,0.91,-0.22,2.44
0,0,34.25,100594,61.03,55,-1.83,9.39,0,0.91,-0.22,2.44
0,0,34.25,100597,60.78,55,-2.19,8.24,4.08,-0.25,-1.07,-1.54
0,0,34.25,100597,60.78,55,-2.19,8.24,4.08,-0.25,-1.07,-1.54
0,0,34.25,100596,60.86,55,-1.29,8.82,3.45,-0.6,-0.16,-0.31
0,0,34.25,100596,60.86,55,-1.29,8.82,3.45,-0.6,-0.16,-0.31
0,0,34.26,100595,60.95,55,-3.1,7.69,4.3,-0.08,-0.06,-0.06
0,0,34.26,100595,60.95,55,-3.1,7.69,4.3,-0.08,-0.06,-0.06
0,0,34.26,100594,61.03,55,-4.63,7.09,3.4,0.05,-0.39,-0.31
0,0,34.26,100594,61.03,55,-4.63,7.09,3.4,0.05,-0.39,-0.31
0,0,34.27,100593,61.11,55,-4.76,6.97,3.78,0.06,0.02,0.04
0,0,34.27,100593,61.11,55,-4.76,6.97,3.78,0.06,0.02,0.04
0,0,34.27,100596,60.86,55,-2.97,7.52,8.32,-0.5,-1.29,-1.05
0,0,34.27,100596,60.86,55,-2.97,7.52,8.32,-0.5,-1.29,-1.05
0,0,34.27,100592,61.2,55,1.66,5.05,6.33,-0.46,-0.98,-0.05
0,0,34.27,100592,61.2,55,1.66,5.05,6.33,-0.46,-0.98,-0.05
0,0,34.28,100592,61.2,55,1.84,2.93,6.29,-0.9,0.63,0.69
0,0,34.28,100592,61.2,55,1.84,2.93,6.29,-0.9,0.63,0.69
0,0,34.28,100592,61.2,55,-6.81,-0.47,9.35,-0.69,-0.04,-4.35
0,0,34.28,100592,61.2,55,-6.81,-0.47,9.35,-0.69,-0.04,-4.35
0,0,34.28,100593,61.11,55,-3.41,3.4,7.46,0.81,0.44,-0.47
0,0,34.28,100593,61.11,55,-3.41,3.4,7.46,0.81,0.44,-0.47
0,0,34.29,100596,60.86,55,-7.07,1.51,5.56,0.83,0.17,-0.92
0,0,34.29,100596,60.86,55,-7.07,1.51,5.56,0.83,0.17,-0.92
0,0,34.29,100598,60.69,55,-5.92,6.01,8.17,-1.07,-1.46,3.37
0,0,34.29,100598,60.69,55,-5.92,6.01,8.17,-1.07,-1.46,3.37
0,0,34.29,100593,61.11,55,-0.13,4.12,6.54,1.63,-0.22,0.29
0,0,34.29,100593,61.11,55,-0.13,4.12,6.54,1.63,-0.22,0.29
0,0,34.3,100593,61.11,55,10.23,-3.62,-2.07,-0.42,-2.62,-1.45
0,0,34.3,100593,61.11,55,10.23,-3.62,-2.07,-0.42,-2.62,-1.45
0,0,34.31,100592,61.2,55,8.49,-6.86,-1.01,0.16,-0.52,1.22
0,0,34.31,100592,61.2,55,8.49,-6.86,-1.01,0.16,-0.52,1.22
0,0,34.31,100593,61.11,55,5.66,-1.93,0.76,0.52,0.03,-1.36
0,0,34.31,100593,61.11,55,5.66,-1.93,0.76,0.52,0.03,-1.36
0,0,34.32,100592,61.2,55,7.63,-3.89,2.45,-0.36,-0.15,0.06
0,0,34.32,100592,61.2,55,7.63,-3.89,2.45,-0.36,-0.15,0.06
0,0,34.33,100594,61.03,55,8.1,-4.12,2.12,0.02,0.05,-0.14
0,0,34.33,100594,61.03,55,8.1,-4.12,2.12,0.02,0.05,-0.14
0,0,34.34,100593,61.11,55,-3.72,-6.07,13.18,-0.84,3.8,-0.28
0,0,34.34,100593,61.11,55,-3.72,-6.07,13.18,-0.84,3.8,-0.28
0,0,34.35,100593,61.11,55,0.03,-0.1,6.62,0.21,-0.29,3.03
0,0,34.35,100593,61.11,55,0.03,-0.1,6.62,0.21,-0.29,3.03
0,0,34.35,100592,61.2,55,-2.73,12.46,21.33,1.76,-2.33,-4.35
0,0,34.35,100592,61.2,55,-2.73,12.46,21.33,1.76,-2.33,-4.35
0,0,34.35,100589,61.45,55,11.15,5.31,9.91,0.26,1.3,-0.05
0,0,34.35,100589,61.45,55,11.15,5.31,9.91,0.26,1.3,-0.05
0,0,34.36,100588,61.53,55,5.92,5.23,15.62,-0.21,-0.42,0.13
0,0,34.36,100588,61.53,55,5.92,5.23,15.62,-0.21,-0.42,0.13
0,0,34.36,100583,61.95,55,4.98,3.21,14.8,-0.98,0.42,1.15
0,0,34.36,100583,61.95,55,4.98,3.21,14.8,-0.98,0.42,1.15
0,0,34.36,100578,62.37,55,6.85,8.88,15.61,-1.51,-0.93,0.86
0,0,34.36,100578,62.37,55,6.85,8.88,15.61,-1.51,-0.93,0.86
0,0,34.37,100577,62.45,55,8.89,8.69,13.82,-2.88,-0.82,1.67
0,0,34.37,100577,62.45,55,8.89,8.69,13.82,-2.88,-0.82,1.67
0,0,34.38,100590,&1.3xe6x1xf2xc10xf7xa16.89,5.58,9.48,-3.13,0.08,1.5,,
0,0,36.66,100508,68.23,53,-0.79,-0.17,8.61,0,0,0
0,0,36.66,100508,68.23,53,-0.79,-0.17,8.61,0,0,0
0,0,36.66,100507,68.32,53,-0.79,-0.17,8.63,0,0,0
0,0,36.66,100507,68.32,53,-0.79,-0.17,8.63,0,0,0
0,0,36.67,100508,68.23,53,-0.78,-0.18,8.61,0,0,0
0,0,36.67,100508,68.23,53,-0.78,-0.18,8.61,0,0,0
0,0,36.67,100505,68.48,53,-0.79,-0.17,8.61,0,0,0
0,0,36.67,100505,68.48,53,-0.79,-0.17,8.61,0,0,0
0,0,36.67,100504,68.57,53,-0.79,-0.16,8.6,0,0,0
0,0,36.67,100504,68.57,53,-0.79,-0.16,8.6,0,0,0
0,0,36.68,100507,68.32,53,-0.8,-0.17,8.61,0,0,0
0,0,36.68,100507,68.32,53,-0.8,-0.17,8.61,0,0,0
0,0,36.68,100506,68.4,53,-0.79,-0.17,8.61,0,0,0
0,0,36.68,100506,68.4,53,-0.79,-0.17,8.61,0,0,0
0,0,36.68,100503,68.65,53,-0.78,-0.16,8.61,0,0,0
0,0,36.68,100503,68.65,53,-0.78,-0.16,8.61,0,0,0
0,0,36.69,100504,68.57,53,-0.79,-0.16,8.61,0,0,0
0,0,36.69,100504,68.57,53,-0.79,-0.16,8.61,0,0,0
0,0,36.68,100508,68.23,53,-0.79,-0.17,8.6,0,0,0
0,0,36.68,100508,68.23,53,-0.79,-0.17,8.6,0,0,0
0,0,36.7,100507,68.32,53,-0.8,-0.15,8.62,0,0,0
0,0,36.7,100507,68.32,53,-0.8,-0.15,8.62,0,0,0
0,0,36.7,100507,68.32,53,-0.79,-0.15,8.59,0,0,0
0,0,36.7,100507,68.32,53,-0.79,-0.15,8.59,0,0,0
0,0,36.71,100508,68.23,53,-0.79,-0.18,8.6,0,0,0
0,0,36.71,100508,68.23,53,-0.79,-0.18,8.6,0,0,0
0,0,36.71,100507,68.32,53,-0.79,-0.16,8.61,0,0,0
0,0,36.71,100507,68.32,53,-0.79,-0.16,8.61,0,0,0
0,0,36.7,100506,68.4,53,-0.79,-0.17,8.61,0,0,0
0,0,36.7,100506,68.4,53,-0.79,-0.17,8.61,0,0,0
0,0,36.71,100505,68.48,53,-0.79,-0.17,8.61,0,0,0
0,0,36.71,100505,68.48,53,-0.79,-0.17,8.61,0,0,0
0,0,36.72,100505,68.48,53,-0.79,-0.16,8.62,0,0,0
0,0,36.72,100505,68.48,53,-0.79,-0.16,8.62,0,0,0
0,0,36.71,100505,68.48,53,-0.79,-0.17,8.62,0,0,0
0,0,36.71,100505,68.48,53,-0.79,-0.17,8.62,0,0,0
0,0,36.72,100505,68.48,53,-0.79,-0.17,8.62,0,0,0
0,0,36.72,100505,68.48,53,-0.79,-0.17,8.62,0,0,0
0,0,36.72,100503,68.65,53,-0.79,-0.17,8.6,0,0,0
0,0,36.72,100503,68.65,53,-0.79,-0.17,8.6,0,0,0
0,0,36.72,100505,68.48,53,-0.8,-0.17,8.61,0,0,0
0,0,36.72,100505,68.48,53,-0.8,-0.17,8.61,0,0,0
0,0,36.72,100505,68.48,53,-0.81,-0.16,8.61,0,0,0
0,0,36.72,100505,68.48,53,-0.81,-0.16,8.61,0,0,0
0,0,36.73,100509,68.15,53,-0.79,-0.16,8.59,0,0,0
0,0,36.73,100509,68.15,53,-0.79,-0.16,8.59,0,0,0
0,0,36.73,100505,68.48,53,-0.79,-0.17,8.63,0,0,0
0,0,36.73,100505,68.48,53,-0.79,-0.17,8.63,0,0,0
0,0,36.73,100503,68.65,53,-0.78,-0.17,8.62,0,0,0
0,0,36.73,100503,68.65,53,-0.78,-0.17,8.62,0,0,0
0,0,36.74,100508,68.23,53,-0.78,-0.17,8.61,0,0,0
0,0,36.74,100508,68.23,53,-0.78,-0.17,8.61,0,0,0
0,0,36.74,100508,68.23,53,-0.78,-0.18,8.6,0,0,0
0,0,36.74,100508,68.23,53,-0.78,-0.18,8.6,0,0,0
0,0,6.75,10051x1.00,67.98,53,-0.79,#NAME?,x.61,-0xae00)0.Pp,-0.03,
0,0,36.75,100506,68.4,53,-0.79,-0.16,8.63,0,0,0
0,0,36.75,100505,68.48,53,-0.78,-0.17,8.61,0,0,0
0,0,36.75,100505,68.48,53,-0.78,-0.17,8.61,0,0,0
0,0,36.75,100507,68.32,53,-0.8,-0.17,8.61,0,0,0
0,0,36.75,100507,68.32,53,-0.8,-0.17,8.61,0,0,0
0,0,36.76,100506,68.4,53,-0.79,-0.17,8.61,0,0,0
0,0,36.76,100506,68.4,53,-0.79,-0.17,8.61,0,0,0
0,0,36.76,100507,68.32,53,-0.79,-0.15,8.61,0,0,0
0,0,36.76,100507,68.32,53,-0.79,-0.15,8.61,0,0,0
8.0000:0,0.000003,36.76,1005xf0y.00,68.15,53,-0.79,-0.15,x.61,0,0,0.03
0,0,37.57,100527,66.64,52,-0.71,-0.29,8.62,0,0,0
0,0,37.57,100527,66.64,52,-0.71,-0.29,8.62,0,0,0
0,0,37.57,100528,66.56,52,-0.71,-0.29,8.61,0,0,0
0,0,37.57,100528,66.56,52,-0.71,-0.29,8.61,0,0,0
0,0,37.57,100528,66.56,52,-0.74,-0.29,8.63,0,0,0
0,0,37.57,100528,66.56,52,-0.74,-0.29,8.63,0,0,0
0,0,37.57,100529,66.47,52,-0.72,-0.28,8.61,0,0,0
0,0,37.57,100529,66.47,52,-0.72,-0.28,8.61,0,0,0
0,0,37.57,100527,66.64,52,-0.7,-0.27,8.6,0,0,0
0,0,37.57,100527,66.64,52,-0.7,-0.27,8.6,0,0,0
0,0,37.57,100526,66.72,52,-0.71,-0.31,8.62,0,0,0
0,0,37.57,100526,66.72,52,-0.71,-0.31,8.62,0,0,0
0,0,37.58,100529,66.47,52,-0.71,-0.31,8.62,0,0,0
0,0,37.58,100529,66.47,52,-0.71,-0.31,8.62,0,0,0
0,0,37.58,100527,66.64,52,-0.71,-0.29,8.62,0,0,0
0,0,37.58,100527,66.64,52,-0.71,-0.29,8.62,0,0,0
0,0,37.58,100525,66.81,52,-0.73,-0.29,8.62,0,0,0
0,0,37.58,100525,66.81,52,-0.73,-0.29,8.62,0,0,0
0,0,37.58,100526,66.72,52,-0.72,-0.29,8.62,0,0,0
0,0,37.58,100526,66.72,52,-0.72,-0.29,8.62,0,0,0
0,0,37.59,100528,66.56,52,-0.71,-0.29,8.57,0,0,0
0,0,37.59,100528,66.56,52,-0.71,-0.29,8.57,0,0,0
0,0,37.59,100524,66.89,52,-0.71,-0.29,8.61,0,0,0
0,0,37.59,100524,66.89,52,-0.71,-0.29,8.61,0,0,0
0,0,37.59,100527,66.64,52,-0.71,-0.3,8.61,0,0,0
0,0,37.59,100527,66.64,52,-0.71,-0.3,8.61,0,0,0
0,0,37.59,100526,66.72,52,-0.72,-0.3,8.62,0,0,0
0,0,37.59,100526,66.72,52,-0.72,-0.3,8.62,0,0,0
0,0,37.59,100530,66.39,52,-0.73,-0.27,8.64,0,0,0
0,0,37.59,100530,66.39,52,-0.73,-0.27,8.64,0,0,0
0,0,37.59,100527,66.64,52,-0.71,-0.27,8.6,0,0,0
0,0,37.59,100527,66.64,52,-0.71,-0.27,8.6,0,0,0
0,0,37.59,100524,66.89,52,-0.72,-0.28,8.6,0,0,0
0,0,37.59,100524,66.89,52,-0.72,-0.28,8.6,0,0,0
0,0,37.6,100529,66.47,52,-0.71,-0.28,8.61,0,0,0
0,0,37.6,100529,66.47,52,-0.71,-0.28,8.61,0,0,0
0,0,37.6,100526,66.72,52,-0.71,-0.29,8.61,0,0,0
0,0,37.6,100526,66.72,52,-0.71,-0.29,8.61,0,0,0
0,0,37.6,100525,66.81,52,-0.71,-0.3,8.6,0,0,0
0,0,37.6,100525,66.81,52,-0.71,-0.3,8.6,0,0,0
0,0,37.6,100529,66.47,52,-0.72,-0.29,8.63,0,0,0
0,0,37.6,100529,66.47,52,-0.72,-0.29,8.63,0,0,0
0,0,37.6,100527,66.64,52,-0.72,-0.3,8.62,0,0,0
0,0,37.6,100527,66.64,52,-0.72,-0.3,8.62,0,0,0
0,0,37.6,100527,66.64,52,-0.72,-0.31,8.62,0,0,0
0,0,37.6,100527,66.64,52,-0.72,-0.31,8.62,0,0,0
0,0,37.6,100527,66.64,52,-0.73,-0.29,8.6,0,0,0
0,0,37.6,100527,66.64,52,-0.73,-0.29,8.6,0,0,0
0,0,37.6,100523,66.98,52,-0.7,-0.3,8.59,0,0,0
0,0,37.6,100523,66.98,52,-0.7,-0.3,8.59,0,0,0
0,0,37.61,100524,66.89,52,-0.73,-0.29,8.64,0,0,0
0,0,37.61,100524,66.89,52,-0.73,-0.29,8.64,0,0,0
0,0,37.61,100528,66.56,52,-0.71,-0.28,8.64,0,0,0
0,0,37.61,100528,66.56,52,-0.71,-0.28,8.64,0,0,0
0,0,37.61,100528,66.56,52,-0.73,-0.29,8.6,0,0,0
0,0,37.61,100528,66.56,52,-0.73,-0.29,8.6,0,0,0
0,0,37.62,100527,66.64,52,-0.71,-0.28,8.61,0,0,0
0,0,37.62,100527,66.64,52,-0.71,-0.28,8.61,0,0,0
0,0,37.62,100527,66.64,52,-0.74,-0.3,8.61,0,0,0
0,0,37.62,100527,66.64,52,-0.74,-0.3,8.61,0,0,0
0,0,37.62,100526,66.72,52,-0.71,-0.29,8.61,0,0,0
0,0,37.62,100526,66.72,52,-0.71,-0.29,8.61,0,0,0
0,0,37.62,100526,66.72,52,-0.71,-0.3,8.63,0,0,0
0,0,37.62,100526,66.72,52,-0.71,-0.3,8.63,0,0,0
0,0,37.62,100529,66.47,52,-0.72,-0.28,8.61,0,0,0
0,0,37.62,100529,66.47,52,-0.72,-0.28,8.61,0,0,0
0,0,37.62,100527,66.64,52,-0.73,-0.3,8.59,0,0,0
0,0,37.62,100527,66.64,52,-0.73,-0.3,8.59,0,0,0
0,0,37.62,100524,66.89,52,-0.71,-0.29,8.63,0,0,0
0,0,37.62,100524,66.89,52,-0.71,-0.29,8.63,0,0,0
0,0,37.63,100529,66.47,52,-0.71,-0.29,8.61,0,0,0
0,0,37.63,100529,66.47,52,-0.71,-0.29,8.61,0,0,0
0,0,37.63,100527,66.64,52,-0.73,-0.3,8.59,0,0,0
0,0,37.63,100527,66.64,52,-0.73,-0.3,8.59,0,0,0
0,0,37.63,100528,66.56,52,-0.71,-0.3,8.63,0,0,0
0,0,37.63,100528,66.56,52,-0.71,-0.3,8.63,0,0,0
0,0,37.63,100527,66.64,52,-0.72,-0.3,8.6,0,0,0
0,0,37.63,100527,66.64,52,-0.72,-0.3,8.6,0,0,0
0,0,37.63,100525,66.81,52,-0.71,-0.28,8.61,0,0,0
0,0,37.63,100525,66.81,52,-0.71,-0.28,8.61,0,0,0
0,0,37.63,100527,66.64,52,-0.72,-0.3,8.61,0,0,0
0,0,37.63,100527,66.64,52,-0.72,-0.3,8.61,0,0,0
0,0,37.64,100525,66.81,52,-0.73,-0.3,8.6,0,0,0
0,0,37.64,100525,66.81,52,-0.73,-0.3,8.6,0,0,0
0,0,37.64,100526,66.72,52,-0.72,-0.3,8.61,0,0,0
0,0,37.64,100526,66.72,52,-0.72,-0.3,8.61,0,0,0
0,0,37.65,100530,66.39,52,-0.72,-0.3,8.61,0,0,0
0,0,37.65,100530,66.39,52,-0.72,-0.3,8.61,0,0,0
0,0,37.65,100527,66.64,52,-0.72,-0.29,8.63,0,0,0
0,0,37.65,100527,66.64,52,-0.72,-0.29,8.63,0,0,0
0,0,37.65,100530,66.39,52,-0.71,-0.29,8.62,0,0,0
0,0,37.65,100530,66.39,52,-0.71,-0.29,8.62,0,0,0
0,0,37.65,100530,66.39,52,-0.72,-0.29,8.61,0,0,0
0,0,37.65,100530,66.39,52,-0.72,-0.29,8.61,0,0,0
0,0,37.65,100531,66.31,52,-0.71,-0.3,8.61,0,0,0
0,0,37.65,100531,66.31,52,-0.71,-0.3,8.61,0,0,0
0,0,37.65,100530,66.39,52,-0.73,-0.3,8.6,0,0,0
0,0,37.65,100530,66.39,52,-0.73,-0.3,8.6,0,0,0
0,0,37.65,100526,66.72,52,-0.72,-0.29,8.61,0,0,0
0,0,37.74,100529,66.47,52,-0.72,-0.31,8.61,0,0,0
0,0,37.74,100529,66.47,52,-0.72,-0.31,8.61,0,0,0
0,0,37.74,100528,66.56,52,-0.74,-0.29,8.6,0,0,0
0,0,37.74,100528,66.56,52,-0.74,-0.29,8.6,0,0,0
0,0,37.74,100531,66.31,52,-0.72,-0.3,8.61,0,0,0
0,0,37.74,100531,66.31,52,-0.72,-0.3,8.61,0,0,0
0,0,37.78,100529,66.47,52,-0.72,-0.29,8.64,0,0,0
0,0,37.78,100529,66.47,52,-0.72,-0.29,8.64,0,0,0
0,0,37.78,100531,66.31,52,-0.73,-0.31,8.62,0,0,0
0,0,37.78,100531,66.31,52,-0.73,-0.31,8.62,0,0,0
0,0,37.78,100533,66.14,52,-0.71,-0.28,8.6,0,0,0
0,0,37.78,100533,66.14,52,-0.71,-0.28,8.6,0,0,0
0,0,37.78,100531,66.31,52,-0.71,-0.3,8.59,0,0,0
0,0,37.78,100531,66.31,52,-0.71,-0.3,8.59,0,0,0
0,0,37.78,100532,66.22,52,-0.72,-0.3,8.62,0,0,0
0,0,37.78,100532,66.22,52,-0.72,-0.3,8.62,0,0,0
0,0,37.78,100532,66.22,52,-0.72,-0.28,8.61,0,0,0
0,0,37.78,100532,66.22,52,-0.72,-0.28,8.61,0,0,0
0,0,37.79,100533,66.14,52,-0.71,-0.29,8.6,0,0,0
0,0,37.79,100533,66.14,52,-0.71,-0.29,8.6,0,0,0
0,0,37.78,100530,66.39,52,-0.72,-0.3,8.61,0,0,0
0,0,37.78,100530,66.39,52,-0.72,-0.3,8.61,0,0,0
0,0,37.79,100531,66.31,52,-0.72,-0.29,8.63,0,0,0
0,0,37.79,100531,66.31,52,-0.72,-0.29,8.63,0,0,0
0,0,37.78,100532,66.22,52,-0.71,-0.28,8.61,0,0,0
0,0,37.78,100532,66.22,52,-0.71,-0.28,8.61,0,0,0
0,0,37.79,100529,66.47,52,-0.72,-0.3,8.63,0,0,0
0,0,37.79,100529,66.47,52,-0.72,-0.3,8.63,0,0,0
0,0,37.79,100528,66.56,52,-0.71,-0.28,8.64,0,0,0
0,0,37.79,100528,66.56,52,-0.71,-0.28,8.64,0,0,0
0,0,37.79,100529,66.47,52,-0.73,-0.28,8.64,0,0,0
0,0,37.79,100529,66.47,52,-0.73,-0.28,8.64,0,0,0
0,0,37.79,100528,66.56,52,-0.73,-0.29,8.6,0,0,0
0,0,37.79,100528,66.56,52,-0.73,-0.29,8.6,0,0,0
0,0,37.79,100530,66.39,52,-0.71,-0.28,8.61,0,0,0
0,0,37.79,100530,66.39,52,-0.71,-0.28,8.61,0,0,0
0,0,37.79,100529,66.47,52,-0.72,-0.29,8.6,0,0,0
0,0,37.79,100529,66.47,52,-0.72,-0.29,8.6,0,0,0
0,0,37.8,100530,66.39,52,-0.71,-0.29,8.62,0,0,0
0,0,37.8,100530,66.39,52,-0.71,-0.29,8.62,0,0,0
0,0,37.8,100530,66.39,52,-0.72,-0.29,8.64,0,0,0
0,0,37.8,100530,66.39,52,-0.72,-0.29,8.64,0,0,0
0,0,37.8,100528,66.56,52,-0.72,-0.29,8.61,0,0,0
0,0,37.8,100528,66.56,52,-0.72,-0.29,8.61,0,0,0
0,0,37.8,100531,66.31,52,-0.73,-0.28,8.62,0,0,0
0,0,37.8,100531,66.31,52,-0.73,-0.28,8.62,0,0,0
0,0,37.8,100529,66.47,52,-0.73,-0.28,8.61,0,0,0
0,0,37.8,100529,66.47,52,-0.73,-0.28,8.61,0,0,0
0,0,37.8,100532,66.22,52,-0.71,-0.28,8.62,0,0,0
0,0,37.8,100532,66.22,52,-0.71,-0.28,8.62,0,0,0
0,0,37.81,100529,66.47,52,-0.73,-0.29,8.61,0,0,0
0,0,37.81,100529,66.47,52,-0.73,-0.29,8.61,0,0,0
0,0,37.81,100531,66.31,52,-0.72,-0.27,8.62,0,0,0
0,0,37.81,100531,66.31,52,-0.72,-0.27,8.62,0,0,0
0,0,37.81,100531,66.31,52,-0.72,-0.29,8.65,0,0,0
0,0,37.81,100531,66.31,52,-0.72,-0.29,8.65,0,0,0
0,0,37.81,100531,66.31,52,-0.72,-0.29,8.63,0,0,0
0,0,37.81,100531,66.31,52,-0.72,-0.29,8.63,0,0,0
0,0,37.81,100530,66.39,52,-0.73,-0.29,8.62,0,0,0
0,0,37.81,100530,66.39,52,-0.73,-0.29,8.62,0,0,0
0,0,37.81,100533,66.14,52,-0.71,-0.28,8.6,0,0,0
0,0,37.81,100533,66.14,52,-0.71,-0.28,8.6,0,0,0
0,0,37.81,100533,66.14,52,-0.72,-0.28,8.62,0,0,0
0,0,37.81,100533,66.14,52,-0.72,-0.28,8.62,0,0,0
0,0,37.82,100528,66.56,52,-0.71,-0.28,8.6,0,0,0
0,0,37.82,100528,66.56,52,-0.71,-0.28,8.6,0,0,0
0,0,37.82,100533,66.14,52,-0.72,-0.28,8.62,0,0,0
0,0,37.82,100533,66.14,52,-0.72,-0.28,8.62,0,0,0
0,0,37.82,100532,66.22,52,-0.71,-0.28,8.62,0,0,0
0,0,37.82,100532,66.22,52,-0.71,-0.28,8.62,0,0,0
0,0,37.82,100530,66.39,51,-0.71,-0.29,8.63,0,0,0
0,0,37.82,100530,66.39,51,-0.71,-0.29,8.63,0,0,0
0,0,37.82,100531,66.31,51,-0.71,-0.28,8.6,0,0,0
0,0,37.82,100531,66.31,51,-0.71,-0.28,8.6,0,0,0
0,0,37.82,100531,66.31,51,-0.74,-0.29,8.61,0,0,0
0,0,37.82,100531,66.31,51,-0.74,-0.29,8.61,0,0,0
0,0,37.82,100533,66.14,51,-0.71,-0.27,8.59,0,0,0
0,0,37.82,100533,66.14,51,-0.71,-0.27,8.59,0,0,0
0,0,37.82,100532,66.22,51,-0.7,-0.29,8.61,0,0,0
0,0,37.82,100532,66.22,51,-0.7,-0.29,8.61,0,0,0
0,0,37.82,100532,66.22,51,-0.71,-0.29,8.61,0,0,0
0,0,37.82,100532,66.22,51,-0.71,-0.29,8.61,0,0,0
0,0,37.82,100533,66.14,51,-0.71,-0.29,8.61,0,0,0
0,0,37.82,100533,66.14,51,-0.71,-0.29,8.61,0,0,0
0,0,37.83,100532,66.22,51,-0.71,-0.28,8.61,0,0,0
0,0,37.83,100532,66.22,51,-0.71,-0.28,8.61,0,0,0
0,0,37.83,100530,66.39,51,-0.72,-0.28,8.61,0,0,0
0,0,37.83,100530,66.39,51,-0.72,-0.28,8.61,0,0,0
0,0,37.83,100531,66.31,51,-0.72,-0.29,8.61,0,0,0
0,0,37.83,100531,66.31,51,-0.72,-0.29,8.61,0,0,0
0,0,37.83,100532,66.22,51,-0.72,-0.28,8.61,0,0,0
0,0,37.83,100532,66.22,51,-0.72,-0.28,8.61,0,0,0
0,0,37.83,100533,66.14,51,-0.71,-0.28,8.6,0,0,0
0,0,37.83,100533,66.14,51,-0.71,-0.28,8.6,0,0,0
0,0,37.83,100533,66.14,51,-0.73,-0.3,8.61,0,0,0
0,0,37.83,100533,66.14,51,-0.73,-0.3,8.61,0,0,0
0,0,37.83,100530,66.39,51,-0.71,-0.28,8.63,0,0,0
0,0,37.83,100530,66.39,51,-0.71,-0.28,8.63,0,0,0
0,0,37.83,100530,66.39,51,-0.73,-0.3,8.59,0,0,0
0,0,37.83,100530,66.39,51,-0.73,-0.3,8.59,0,0,0
0,0,37.83,100530,66.39,51,-0.72,-0.29,8.63,0,0,0
0,0,37.83,100530,66.39,51,-0.72,-0.29,8.63,0,0,0
0,0,37.84,100531,66.31,51,-0.71,-0.27,8.61,0,0,0
0,0,37.84,100531,66.31,51,-0.71,-0.27,8.61,0,0,0
0,0,37.84,100533,66.14,51,-0.72,-0.28,8.59,0,0,0
0,0,37.84,100532,66.22,51,-0.73,-0.28,8.58,0,0,0
0,0,37.84,100532,66.22,51,-0.73,-0.28,8.58,0,0,0
0,0,37.84,100532,66.22,51,-0.72,-0.27,8.63,0,0,0
0,0,37.84,100532,66.22,51,-0.72,-0.27,8.63,0,0,0
0,0,37.84,100532,66.22,51,-0.72,-0.29,8.61,0,0,0
0,0,37.84,100532,66.22,51,-0.72,-0.29,8.61,0,0,0
0,0,37.84,100531,66.31,51,-0.72,-0.28,8.62,0,0,0
0,0,37.84,100531,66.31,51,-0.72,-0.28,8.62,0,0,0
0,0,37.84,100532,66.22,51,-0.71,-0.3,8.61,0,0,0
0,0,37.84,100532,66.22,51,-0.71,-0.3,8.61,0,0,0
0,0,37.85,100531,66.31,51,-0.71,-0.28,8.62,0,0,0
0,0,37.85,100531,66.31,51,-0.71,-0.28,8.62,0,0,0
0,0,37.85,100531,66.31,51,-0.73,-0.29,8.61,0,0,0
0,0,37.85,100531,66.31,51,-0.73,-0.29,8.61,0,0,0
0,0,37.85,100533,66.14,51,-0.71,-0.29,8.6,0,0,0
0,0,37.85,100533,66.14,51,-0.71,-0.29,8.6,0,0,0
0,0,37.85,100529,66.47,51,-0.72,-0.29,8.61,0,0,0
0,0,37.85,100529,66.47,51,-0.72,-0.29,8.61,0,0,0
0,0,37.85,100532,66.22,51,-0.71,-0.29,8.64,0,0,0
0,0,37.85,100532,66.22,51,-0.71,-0.29,8.64,0,0,0
0,0,37.85,100531,66.31,51,-0.71,-0.28,8.62,0,0,0
0,0,37.85,100531,66.31,51,-0.71,-0.28,8.62,0,0,0
0,0,37.85,100533,66.14,51,-0.72,-0.29,8.61,0,0,0
0,0,37.85,100533,66.14,51,-0.72,-0.29,8.61,0,0,0
0,0,37.85,100533,66.14,51,-0.74,-0.28,8.6,0,0,0
0,0,37.85,100533,66.14,51,-0.74,-0.28,8.6,0,0,0
0,0,37.86,100532,66.22,51,-0.73,-0.3,8.59,0,0,0
0,0,37.86,100532,66.22,51,-0.73,-0.3,8.59,0,0,0
0,0,37.85,100532,66.22,51,-0.71,-0.29,8.61,0,0,0
0,0,37.85,100532,66.22,51,-0.71,-0.29,8.61,0,0,0
0,0,37.86,100529,66.47,51,-0.72,-0.3,8.61,-0.01,0.01,0
0,0,37.86,100529,66.47,51,-0.72,-0.3,8.61,-0.01,0.01,0
0,0,37.86,100530,66.39,51,-0.7,-0.27,8.61,-0.01,0.01,0
0,0,37.86,100530,66.39,51,-0.7,-0.27,8.61,-0.01,0.01,0
0,0,37.86,100532,66.22,51,-0.76,-0.29,8.62,-0.01,0.01,0
0,0,37.86,100532,66.22,51,-0.76,-0.29,8.62,-0.01,0.01,0
0,0,37.86,100529,66.47,51,-0.71,-0.27,8.61,-0.01,0,0
0,0,37.86,100529,66.47,51,-0.71,-0.27,8.61,-0.01,0,0
0,0,37.86,100533,66.14,51,-1.12,0.14,8.95,3.85,0.29,3.68
0,0,37.86,100533,66.14,51,-1.12,0.14,8.95,3.85,0.29,3.68
0,0,37.87,100532,66.22,51,-3.34,3.53,8.95,-1.56,1.28,0.65
0,0,37.87,100532,66.22,51,-3.34,3.53,8.95,-1.56,1.28,0.65
0,0,37.86,100530,66.39,51,-0.27,3.31,6.45,4.34,-0.43,-4.35
0,0,37.86,100530,66.39,51,-0.27,3.31,6.45,4.34,-0.43,-4.35
0,0,37.86,100532,66.22,51,-2.26,4.65,9.73,0.98,-2.45,-4.35
0,0,37.86,100532,66.22,51,-2.26,4.65,9.73,0.98,-2.45,-4.35
0,0,37.87,100522,67.06,51,-1.8,2.82,6,1.07,-0.24,-2.67
0,0,37.87,100522,67.06,51,-1.8,2.82,6,1.07,-0.24,-2.67
0,0,37.87,100519,67.31,51,-2.56,3.64,8.31,-2.84,-1.01,0.33
0,0,37.87,100519,67.31,51,-2.56,3.64,8.31,-2.84,-1.01,0.33
0,0,37.87,100519,67.31,51,-2.5,4.03,7.53,-0.29,2.75,2.71
0,0,37.87,100519,67.31,51,-2.5,4.03,7.53,-0.29,2.75,2.71
0,0,37.87,100520,67.23,51,-2.72,4.47,7.29,-0.11,2.23,-4.35
0,0,37.87,100520,67.23,51,-2.72,4.47,7.29,-0.11,2.23,-4.35
0,0,37.87,100521,67.14,51,-2.61,4.6,8.76,-1.73,2.94,4.24
0,0,37.87,100521,67.14,51,-2.61,4.6,8.76,-1.73,2.94,4.24
0,0,37.87,100521,67.14,51,-2.03,4.97,9.69,-4.38,2.73,4.37
0,0,37.87,100521,67.14,51,-2.03,4.97,9.69,-4.38,2.73,4.37
0,0,37.87,100521,67.14,51,-1.42,4.35,7.12,-3.44,2.87,-4.35
0,0,37.87,100521,67.14,51,-1.42,4.35,7.12,-3.44,2.87,-4.35
0,0,37.87,100521,67.14,51,-2.82,4.3,8.33,-0.78,2.72,4.19
0,0,37.87,100521,67.14,51,-2.82,4.3,8.33,-0.78,2.72,4.19
0,0,37.87,100525,66.81,51,-2.99,4.15,8.56,-0.2,1.63,1.55
0,0,37.87,100525,66.81,51,-2.99,4.15,8.56,-0.2,1.63,1.55
0,0,37.87,100523,66.98,51,-2.79,3.73,7.59,-0.53,-1.18,1.01
0,0,37.87,100523,66.98,51,-2.79,3.73,7.59,-0.53,-1.18,1.01
0,0,37.87,100521,67.14,51,-1.87,2.7,5.65,-0.79,-1.72,-0.68
0,0,37.87,100521,67.14,51,-1.87,2.7,5.65,-0.79,-1.72,-0.68
0,0,37.87,100519,67.31,51,-2.88,3.72,8.47,-0.09,-1.45,1.03
0,0,37.87,100519,67.31,51,-2.88,3.72,8.47,-0.09,-1.45,1.03
0,0,37.87,100519,67.31,51,-4.87,4.34,5.4,1.24,1.67,1.2
0,0,37.87,100519,67.31,51,-4.87,4.34,5.4,1.24,1.67,1.2
0,0,37.87,100524,66.89,51,-7.79,8.64,4.3,0.06,0.54,-0.53
0,0,37.87,100524,66.89,51,-7.79,8.64,4.3,0.06,0.54,-0.53
0,0,37.87,100521,67.14,51,-6.12,6.84,2.96,-1.1,1.08,0.48
0,0,37.87,100521,67.14,51,-6.12,6.84,2.96,-1.1,1.08,0.48
0,0,37.87,100520,67.23,51,-5.56,6.34,3.81,-0.03,-0.02,0.31
0,0,37.87,100520,67.23,51,-5.56,6.34,3.81,-0.03,-0.02,0.31
0,0,37.87,100521,67.14,51,-5.75,6.7,3.93,-0.01,0.17,-0.1
0,0,37.87,100521,67.14,51,-5.75,6.7,3.93,-0.01,0.17,-0.1
0,0,37.87,100521,67.14,51,-5.73,5.83,4.45,-0.38,-0.03,-0.03
0,0,37.87,100521,67.14,51,-5.73,5.83,4.45,-0.38,-0.03,-0.03
0,0,37.87,100522,67.06,51,-5.69,5.42,4.72,-1.05,0.97,1.24
0,0,37.87,100522,67.06,51,-5.69,5.42,4.72,-1.05,0.97,1.24
0,0,37.87,100521,67.14,51,-6.1,3.91,5.67,0.24,0.19,-0.15
0,0,37.87,100521,67.14,51,-6.1,3.91,5.67,0.24,0.19,-0.15
0,0,37.87,100521,67.14,51,-6.48,3.2,5.51,0.08,-0.19,-0.27
0,0,37.87,100521,67.14,51,-6.48,3.2,5.51,0.08,-0.19,-0.27
0,0,37.87,100519,67.31,51,-6.13,3.26,5.68,0.05,-0.03,0.07
0,0,37.87,100519,67.31,51,-6.13,3.26,5.68,0.05,-0.03,0.07
0,0,37.86,100519,67.31,51,-6.34,3.41,5.75,0.02,-0.1,-0.04
0,0,37.86,100519,67.31,51,-6.34,3.41,5.75,0.02,-0.1,-0.04
0,0,37.87,100519,67.31,51,-5.89,3.5,5.75,-0.09,0,-0.08
0,0,37.87,100519,67.31,51,-5.89,3.5,5.75,-0.09,0,-0.08
0,0,37.87,100521,67.14,51,-5.82,3.16,5.66,0,0,0
0,0,37.87,100521,67.14,51,-5.82,3.16,5.66,0,0,0
0,0,37.87,100521,67.14,51,-6.17,3.29,5.72,-0.01,0,-0.01
0,0,37.87,100521,67.14,51,-6.17,3.29,5.72,-0.01,0,-0.01
0,0,37.87,100519,67.31,51,-6.2,3.12,5.64,0.07,-0.01,-0.03
0,0,37.87,100519,67.31,51,-6.2,3.12,5.64,0.07,-0.01,-0.03
0,0,37.87,100518,67.39,51,-6.24,4.04,4.99,0.57,-0.15,0.03
0,0,37.87,100518,67.39,51,-6.24,4.04,4.99,0.57,-0.15,0.03
0,0,37.87,100522,67.06,51,-5.97,3.97,5.39,-0.23,0.04,-0.01
0,0,37.87,100522,67.06,51,-5.97,3.97,5.39,-0.23,0.04,-0.01
0,0,37.87,100522,67.06,51,-5.72,2.74,3.68,0.48,0.19,0.47
0,0,37.87,100522,67.06,51,-5.72,2.74,3.68,0.48,0.19,0.47
0,0,37.87,100521,67.14,51,-6.46,6.26,4.14,0.19,-0.1,0.11
0,0,37.87,100521,67.14,51,-6.46,6.26,4.14,0.19,-0.1,0.11
0,0,37.86,100521,67.14,51,-5.4,6.61,3.28,0.1,-0.05,-0.05
0,0,37.86,100521,67.14,51,-5.4,6.61,3.28,0.1,-0.05,-0.05
0,0,37.87,100520,67.23,51,-5.81,6.25,3.61,-0.24,0.13,-0.06
0,0,37.87,100520,67.23,51,-5.81,6.25,3.61,-0.24,0.13,-0.06
0,0,37.87,100519,67.31,51,-5.92,5.16,3.9,-0.66,-0.21,-0.13
0,0,37.87,100519,67.31,51,-5.92,5.16,3.9,-0.66,-0.21,-0.13
0,0,37.87,100519,67.31,51,-4.9,2.5,5.91,0.91,-0.18,-1.17
0,0,37.87,100519,67.31,51,-4.9,2.5,5.91,0.91,-0.18,-1.17
0,0,37.87,100519,67.31,51,-5.35,5.21,6.33,-0.86,0.63,0.17
0,0,37.87,100519,67.31,51,-5.35,5.21,6.33,-0.86,0.63,0.17
0,0,37.87,100517,67.48,51,-6.41,-2.49,6.23,-1.96,-0.92,-0.56
0,0,37.87,100517,67.48,51,-6.41,-2.49,6.23,-1.96,-0.92,-0.56
0,0,37.87,100524,66.89,51,-2.52,-5.88,4.82,-0.24,-0.34,-0.44
0,0,37.87,100524,66.89,51,-2.52,-5.88,4.82,-0.24,-0.34,-0.44
0,0,37.87,100514,67.73,51,1.26,-1.79,-0.76,4.34,0.79,-2.07
0,0,37.87,100514,67.73,51,1.26,-1.79,-0.76,4.34,0.79,-2.07
0,0,37.87,100548,64.88,51,-0.22,3.26,3.35,-1.77,-0.3,-4.35
0,0,37.87,100548,64.88,51,-0.22,3.26,3.35,-1.77,-0.3,-4.35
0,0,37.87,100588,61.53,51,-2.82,4.63,8.71,3.97,0.22,-4.35
0,0,37.87,100588,61.53,51,-2.82,4.63,8.71,3.97,0.22,-4.35
0,0,37.87,100638,57.35,51,-2.92,5.29,10.25,-2.79,1.78,-4.35
0,0,37.87,100638,57.35,51,-2.92,5.29,10.25,-2.79,1.78,-4.35
0,0,37.87,100975,29.18,51,-3.11,-1.2,10.14,1.38,-0.24,1.19
0,0,37.87,100975,29.18,51,-3.11,-1.2,10.14,1.38,-0.24,1.19
0,0,37.88,100973,29.34,51,4.38,-5.51,4.38,0.64,-3.14,-0.05
0,0,37.88,100973,29.34,51,4.38,-5.51,4.38,0.64,-3.14,-0.05
0,0,37.88,100968,29.76,51,9.83,-1.15,-2.15,2.33,-0.8,0.76
0,0,37.88,100968,29.76,51,9.83,-1.15,-2.15,2.33,-0.8,0.76
0,0,37.88,100969,29.68,51,9.23,1.81,-3.42,1.58,-0.72,0.86
0,0,37.88,100969,29.68,51,9.23,1.81,-3.42,1.58,-0.72,0.86
0,0,37.88,100965,30.01,51,11.07,-3.33,-2.51,1.32,-0.98,2.01
0,0,37.88,100965,30.01,51,11.07,-3.33,-2.51,1.32,-0.98,2.01
0,0,37.89,100968,29.76,51,7.83,-1.19,-1.46,1.62,-0.76,1.01
0,0,37.89,100968,29.76,51,7.83,-1.19,-1.46,1.62,-0.76,1.01
0,0,37.88,100966,29.93,51,9.07,-2.79,-1.24,0.14,-0.89,1.22
0,0,37.88,100966,29.93,51,9.07,-2.79,-1.24,0.14,-0.89,1.22
0,0,37.89,100968,29.76,51,10.42,-5.02,-0.86,0.66,-0.21,0.78
0,0,37.89,100968,29.76,51,10.42,-5.02,-0.86,0.66,-0.21,0.78
0,0,37.89,100966,29.93,51,9.21,-0.42,-0.16,0.84,-1.08,1.67
0,0,37.89,100966,29.93,51,9.21,-0.42,-0.16,0.84,-1.08,1.67
0,0,37.9,100968,29.76,51,7.29,-0.01,-3.28,1.13,-1.7,2.47
0,0,37.9,100968,29.76,51,7.29,-0.01,-3.28,1.13,-1.7,2.47
0,0,37.9,100968,29.76,51,10.07,-2.7,-0.09,0.24,-0.73,1.38
0,0,37.9,100968,29.76,51,10.07,-2.7,-0.09,0.24,-0.73,1.38
0,0,37.9,100967,29.84,51,8.61,-2.27,0.15,1.47,-1.2,1.72
0,0,37.9,100967,29.84,51,8.61,-2.27,0.15,1.47,-1.2,1.72
0,0,37.91,100967,29.84,51,9.17,-1.48,-1.92,2,-0.93,0.61
0,0,37.91,100967,29.84,51,9.17,-1.48,-1.92,2,-0.93,0.61
0,0,37.91,100972,29.43,51,4.92,-2.15,7.77,1.15,0.83,-0.06
0,0,37.91,100972,29.43,51,4.92,-2.15,7.77,1.15,0.83,-0.06
0,0,37.91,100978,28.93,51,0.18,2.49,8.4,2.88,-0.27,-0.2
0,0,37.91,100978,28.93,51,0.18,2.49,8.4,2.88,-0.27,-0.2
0,0,37.91,100978,28.93,51,-2.44,2.38,7.42,3.78,3.02,1.04
0,0,37.91,100978,28.93,51,-2.44,2.38,7.42,3.78,3.02,1.04
0,0,37.91,100981,28.68,51,-3.44,3.32,9.42,-1.11,0.19,1.49
0,0,37.91,100981,28.68,51,-3.44,3.32,9.42,-1.11,0.19,1.49
0,0,37.91,100974,29.26,51,-4.76,3.54,5.79,-0.28,-2.48,-0.16
0,0,37.91,100974,29.26,51,-4.76,3.54,5.79,-0.28,-2.48,-0.16
0,0,37.92,100971,29.51,51,0.84,-0.36,7.28,0.94,-1.73,1.9
0,0,37.92,100971,29.51,51,0.84,-0.36,7.28,0.94,-1.73,1.9
0,0,37.92,100969,29.68,51,2.22,-4.64,3.69,0.18,-0.1,3.42
0,0,37.92,100969,29.68,51,2.22,-4.64,3.69,0.18,-0.1,3.42
0,0,37.92,100970,29.59,51,3.6,-8.8,8.61,1.97,-0.71,0.61
0,0,37.92,100970,29.59,51,3.6,-8.8,8.61,1.97,-0.71,0.61
0,0,37.92,100971,29.51,51,-0.57,-0.82,4.98,1.22,0.08,0.83
0,0,37.92,100971,29.51,51,-0.57,-0.82,4.98,1.22,0.08,0.83
0,0,37.93,100974,29.26,51,1.83,-1.31,10.01,0.37,-0.66,-0.01
0,0,37.93,100974,29.26,51,1.83,-1.31,10.01,0.37,-0.66,-0.01
0,0,37.93,100976,29.09,51,3.36,-6.41,9.15,0.39,-1.18,0.45
0,0,37.93,100976,29.09,51,3.36,-6.41,9.15,0.39,-1.18,0.45
0,0,37.93,100973,29.34,51,2.37,-4.3,6.48,0.97,-0.34,1.83
0,0,37.93,100973,29.34,51,2.37,-4.3,6.48,0.97,-0.34,1.83
0,0,37.94,100973,29.34,51,5.29,-6.69,2.04,-0.88,-0.76,1.3
0,0,37.94,100973,29.34,51,5.29,-6.69,2.04,-0.88,-0.76,1.3
0,0,37.94,100971,29.51,51,2.13,-11.21,-0.95,0.69,-1.52,0.81
0,0,37.94,100971,29.51,51,2.13,-11.21,-0.95,0.69,-1.52,0.81
0,0,37.94,100971,29.51,51,3.01,-8.85,-3.78,0.83,-1,0.47
0,0,37.94,100971,29.51,51,3.01,-8.85,-3.78,0.83,-1,0.47
0,0,37.95,100974,29.26,51,6.56,-7.66,-4.68,0.85,-0.99,0.03
0,0,37.95,100974,29.26,51,6.56,-7.66,-4.68,0.85,-0.99,0.03
0,0,37.95,100971,29.51,51,7.01,-2.37,-7.32,1.12,-0.6,0.26
0,0,37.95,100971,29.51,51,7.01,-2.37,-7.32,1.12,-0.6,0.26
0,0,37.95,100974,29.26,51,12.8,-0.85,-7.37,1.2,0.03,-0.5
0,0,37.95,100974,29.26,51,12.8,-0.85,-7.37,1.2,0.03,-0.5
0,0,37.96,100972,29.43,51,5.07,8.68,-2.42,0.43,-0.5,0.57
0,0,37.96,100972,29.43,51,5.07,8.68,-2.42,0.43,-0.5,0.57
0,0,37.96,100971,29.51,51,4.23,8.22,0.44,0.29,-0.46,1.78
0,0,37.96,100971,29.51,51,4.23,8.22,0.44,0.29,-0.46,1.78
0,0,37.96,100971,29.51,51,4.38,6.92,4.64,3.09,-0.85,1.01
0,0,37.96,100971,29.51,51,4.38,6.92,4.64,3.09,-0.85,1.01
0,0,37.96,100970,29.59,51,-0.87,11.49,-2.07,1.25,-0.85,-0.31
0,0,37.96,100970,29.59,51,-0.87,11.49,-2.07,1.25,-0.85,-0.31
0,0,37.96,100970,29.59,51,-9.52,4.24,-2.65,0.88,-1.04,-0.29
0,0,37.96,100970,29.59,51,-9.52,4.24,-2.65,0.88,-1.04,-0.29
0,0,37.96,100973,29.34,51,-9.33,-3.53,-0.35,0.85,-0.69,0.57
0,0,37.96,100973,29.34,51,-9.33,-3.53,-0.35,0.85,-0.69,0.57
0,0,37.96,100973,29.34,51,-7.41,-6.07,-2.98,0.87,-0.49,0.81
0,0,37.96,100973,29.34,51,-7.41,-6.07,-2.98,0.87,-0.49,0.81
0,0,37.97,100972,29.43,51,-4.53,-7.09,-2.49,1.27,-0.46,0.32
0,0,37.97,100972,29.43,51,-4.53,-7.09,-2.49,1.27,-0.46,0.32
0,0,37.96,100973,29.34,51,-3.63,-8.67,-2.76,1.1,-0.57,0.97
0,0,37.96,100973,29.34,51,-3.63,-8.67,-2.76,1.1,-0.57,0.97
0,0,37.97,100971,29.51,51,0.58,-9.42,-3.69,1.12,-0.46,0.56
0,0,37.97,100971,29.51,51,0.58,-9.42,-3.69,1.12,-0.46,0.56
0,0,37.97,100972,29.43,51,4.14,-8.44,-4.29,1.05,-0.63,0.9
0,0,37.97,100972,29.43,51,4.14,-8.44,-4.29,1.05,-0.63,0.9
0,0,37.98,100969,29.68,51,3.67,-7.85,-6.15,0.36,-0.96,1.62
0,0,37.98,100969,29.68,51,3.67,-7.85,-6.15,0.36,-0.96,1.62
0,0,37.98,100973,29.34,51,-2.88,0.57,-10.52,0.93,-1.02,1.6
0,0,37.98,100973,29.34,51,-2.88,0.57,-10.52,0.93,-1.02,1.6
0,0,37.98,100969,29.68,51,1.27,2.3,-10.61,0.88,-0.24,1.26
0,0,37.98,100969,29.68,51,1.27,2.3,-10.61,0.88,-0.24,1.26
0,0,37.98,100971,29.51,51,1.04,1.68,-11.14,1.14,-0.72,1.07
0,0,37.98,100971,29.51,51,1.04,1.68,-11.14,1.14,-0.72,1.07
0,0,37.99,100973,29.34,51,1.27,1.36,-10.96,1.12,-0.87,1.09
0,0,37.99,100973,29.34,51,1.27,1.36,-10.96,1.12,-0.87,1.09
0,0,37.99,100972,29.43,51,-6,-1.97,-9.37,0.89,-0.53,-0.38
0,0,37.99,100972,29.43,51,-6,-1.97,-9.37,0.89,-0.53,-0.38
0,0,37.99,100973,29.34,51,-9.53,-2.44,-1.61,1.9,-0.63,0.53
0,0,37.99,100973,29.34,51,-9.53,-2.44,-1.61,1.9,-0.63,0.53
0,0,37.99,100974,29.26,51,-7.79,-3.39,-4.04,0.66,-0.18,0.07
0,0,37.99,100974,29.26,51,-7.79,-3.39,-4.04,0.66,-0.18,0.07
0,0,37.99,100972,29.43,51,-8.14,-3.85,-4.96,1.08,-1,1.61
0,0,37.99,100972,29.43,51,-8.14,-3.85,-4.96,1.08,-1,1.61
0,0,37.99,100972,29.43,51,-0.86,-2.43,-10.31,0.5,0.78,0.6
0,0,37.99,100972,29.43,51,-0.86,-2.43,-10.31,0.5,0.78,0.6
0,0,37.99,100974,29.26,51,-8.19,-7.68,-2.07,1.96,-2.79,1.08
0,0,37.99,100974,29.26,51,-8.19,-7.68,-2.07,1.96,-2.79,1.08
0,0,37.99,100973,29.34,51,-3.17,3.7,8.84,1.89,-4.66,4.91
0,0,37.99,100973,29.34,51,-3.17,3.7,8.84,1.89,-4.66,4.91
0,0,37.99,100971,29.51,51,-5.98,6.39,-0.74,3.32,1.38,2.19
0,0,37.99,100971,29.51,51,-5.98,6.39,-0.74,3.32,1.38,2.19
0,0,38,100970,29.59,51,-0.73,6.89,-5.74,-0.33,-3.33,-1.07
0,0,38,100970,29.59,51,-0.73,6.89,-5.74,-0.33,-3.33,-1.07
0,0,38,100967,29.84,51,-5.11,0.49,-4.41,2.92,1.16,0.99
0,0,38,100967,29.84,51,-5.11,0.49,-4.41,2.92,1.16,0.99
0,0,38,100966,29.93,51,-5.15,2.32,-8.7,1.35,-0.51,1.36
0,0,38,100966,29.93,51,-5.15,2.32,-8.7,1.35,-0.51,1.36
0,0,38,100964,30.1,51,-4.59,2.18,-8.77,1.52,-0.74,1.53
0,0,38,100964,30.1,51,-4.59,2.18,-8.77,1.52,-0.74,1.53
0,0,38,100968,29.76,51,0.97,9.4,-17.5,2.22,-1.99,1.69
0,0,38,100968,29.76,51,0.97,9.4,-17.5,2.22,-1.99,1.69
0,0,38,100979,28.84,51,13.49,-2.2,1.56,-0.73,-1.57,3.7
0,0,38,100979,28.84,51,13.49,-2.2,1.56,-0.73,-1.57,3.7
0,0,38,100971,29.51,51,5.56,7.04,-3.66,0.78,0.92,-2.1
0,0,38,100971,29.51,51,5.56,7.04,-3.66,0.78,0.92,-2.1
0,0,38,100967,29.84,51,-2.84,5.08,-7.85,2.23,-2.21,1.21
0,0,38,100967,29.84,51,-2.84,5.08,-7.85,2.23,-2.21,1.21
0,0,38,100969,29.68,51,-4.98,5.57,-8,1.05,-1.09,1.31
0,0,38,100969,29.68,51,-4.98,5.57,-8,1.05,-1.09,1.31
0,0,38.01,100971,29.51,51,-5.6,4.81,-6.81,1.92,-1.67,2.18
0,0,38.01,100971,29.51,51,-5.6,4.81,-6.81,1.92,-1.67,2.18
0,0,38.01,100968,29.76,51,-4.56,7.06,-4.55,0.26,-1.01,1.86
0,0,38.01,100968,29.76,51,-4.56,7.06,-4.55,0.26,-1.01,1.86
0,0,38,100971,29.51,51,-0.62,7.06,-1.3,1.32,-0.48,0.64
0,0,38,100971,29.51,51,-0.62,7.06,-1.3,1.32,-0.48,0.64
0,0,38.01,100975,29.18,51,-0.21,10.1,4.31,0.95,-0.9,0.74
0,0,38.01,100975,29.18,51,-0.21,10.1,4.31,0.95,-0.9,0.74
0,0,38.01,100976,29.09,51,-1.76,6.48,7.03,0.82,-0.87,0.59
0,0,38.01,100976,29.09,51,-1.76,6.48,7.03,0.82,-0.87,0.59
0,0,38.01,100974,29.26,51,-0.31,3.73,6.63,1.77,-1.09,0.65
0,0,38.01,100974,29.26,51,-0.31,3.73,6.63,1.77,-1.09,0.65
0,0,38.01,100975,29.18,51,-1.08,3.55,7.29,0.25,-1.05,0.65
0,0,38.01,100975,29.18,51,-1.08,3.55,7.29,0.25,-1.05,0.65
0,0,38.02,100974,29.26,51,-1.81,3.3,9.3,1.41,-1.43,0.48
0,0,38.02,100974,29.26,51,-1.81,3.3,9.3,1.41,-1.43,0.48
0,0,38.02,100976,29.09,51,3.82,3.98,5.48,3.09,0.31,-3.24
0,0,38.93,100520,67.23,50,-8.25,1.35,4.96,0.45,-0.7,1.19
0,0,38.93,100520,67.23,50,-8.25,1.35,4.96,0.45,-0.7,1.19
0,0,38.93,100521,67.14,50,-10.87,2.62,1.87,0.87,-0.65,0.99
0,0,38.93,100521,67.14,50,-10.87,2.62,1.87,0.87,-0.65,0.99
0,0,38.93,100521,67.14,50,-9.72,-2.73,2.12,1.26,-0.27,0.57
0,0,38.93,100521,67.14,50,-9.72,-2.73,2.12,1.26,-0.27,0.57
0,0,38.94,100521,67.14,50,-8.79,0.23,0.13,0.75,-0.86,1.7
0,0,38.94,100521,67.14,50,-8.79,0.23,0.13,0.75,-0.86,1.7
0,0,38.94,100521,67.14,50,-9.51,-0.69,-0.53,1.42,-1.12,0.94
0,0,38.94,100521,67.14,50,-9.51,-0.69,-0.53,1.42,-1.12,0.94
0,0,38.93,100521,67.14,50,-10.93,-0.86,1.05,2.59,-0.59,1.42
0,0,38.93,100521,67.14,50,-10.93,-0.86,1.05,2.59,-0.59,1.42
0,0,38.94,100521,67.14,50,-9.05,2.1,-4.55,1.89,-0.76,1.22
0,0,38.94,100521,67.14,50,-9.05,2.1,-4.55,1.89,-0.76,1.22
0,0,38.94,100518,67.39,50,-7.32,0.75,-1.28,1.01,-1.12,1.97
0,0,38.94,100518,67.39,50,-7.32,0.75,-1.28,1.01,-1.12,1.97
0,0,38.94,100520,67.23,50,-13.7,4.71,1.22,1.45,0.32,2.41
0,0,38.94,100520,67.23,50,-13.7,4.71,1.22,1.45,0.32,2.41
0,0,38.95,100516,67.56,50,-9.88,-0.52,-4.95,-0.58,-1.26,0.94
0,0,38.95,100516,67.56,50,-9.88,-0.52,-4.95,-0.58,-1.26,0.94
0,0,38.95,100517,67.48,50,-10.13,2.81,-3.67,1.52,-0.53,1.14
0,0,38.95,100517,67.48,50,-10.13,2.81,-3.67,1.52,-0.53,1.14
0,0,38.95,100518,67.39,50,-7.88,-0.1,2.14,1.07,-1,-0.82
0,0,38.95,100518,67.39,50,-7.88,-0.1,2.14,1.07,-1,-0.82
0,0,38.96,100525,66.81,50,-1.51,-0.3,7.11,0.99,-1.36,0.43
0,0,38.96,100525,66.81,50,-1.51,-0.3,7.11,0.99,-1.36,0.43
0,0.000003,38.95,100522,67.06,50,-2.07,3.75,7.53,1.03,-0.97,2.53
0,0.000003,38.95,100522,67.06,50,-2.07,3.75,7.53,1.03,-0.97,2.53
0,0,38.95,100523,66.98,50,-2.49,4.32,8.42,1.89,-0.99,2.68
0,0,38.95,100523,66.98,50,-2.49,4.32,8.42,1.89,-0.99,2.68
0,0,38.96,100523,66.98,50,-2.27,4.13,8.17,-0.06,-0.54,1.59
0,0,38.96,100523,66.98,50,-2.27,4.13,8.17,-0.06,-0.54,1.59
0,0,38.96,100523,66.98,50,-1.63,3.11,5.66,-0.99,-1.24,2.07
0,0,38.96,100523,66.98,50,-1.63,3.11,5.66,-0.99,-1.24,2.07
0,0,38.96,100520,67.23,50,-2.63,4.31,8.24,1.11,-0.94,0.92
0,0,38.96,100520,67.23,50,-2.63,4.31,8.24,1.11,-0.94,0.92
0,0,38.96,100520,67.23,50,-2.09,4.97,9.97,3.23,2.85,-3.24
0,0,38.96,100520,67.23,50,-2.09,4.97,9.97,3.23,2.85,-3.24
0,0,38.96,100519,67.31,50,-1.95,3.78,7.92,4.29,2.03,-0.74
0,0,38.96,100519,67.31,50,-1.95,3.78,7.92,4.29,2.03,-0.74
0,0,38.97,100517,67.48,50,-1.22,3.46,7.58,-0.27,-0.91,2.21
0,0,38.97,100517,67.48,50,-1.22,3.46,7.58,-0.27,-0.91,2.21
0,0,38.97,100521,67.14,50,-2.94,-0.11,8.51,1.81,-0.44,1.66
0,0,38.97,100521,67.14,50,-2.94,-0.11,8.51,1.81,-0.44,1.66
0,0,38.97,100524,66.89,50,-2.26,4.51,8.08,-0.17,-2.12,-2.4
0,0,38.97,100524,66.89,50,-2.26,4.51,8.08,-0.17,-2.12,-2.4
0,0,38.98,100520,67.23,50,-2.55,4.62,9.2,0.74,-1.35,-0.05
0,0,38.98,100520,67.23,50,-2.55,4.62,9.2,0.74,-1.35,-0.05
0,0,38.98,100519,67.31,50,-2.22,3.9,7.37,-0.23,-1.52,0.82
0,0,38.98,100519,67.31,50,-2.22,3.9,7.37,-0.23,-1.52,0.82
0,0,38.98,100516,67.56,50,-1.61,4.89,9.98,-0.43,-2.18,1.61
0,0,38.98,100516,67.56,50,-1.61,4.89,9.98,-0.43,-2.18,1.61
0,0,38.98,100516,67.56,50,-1.26,-6.46,8.48,0.16,-0.88,2.02
0,0,38.98,100516,67.56,50,-1.26,-6.46,8.48,0.16,-0.88,2.02
0,0,38.98,100520,67.23,50,2.95,-7.37,3.7,2.12,-1.57,1.85
0,0,38.98,100520,67.23,50,2.95,-7.37,3.7,2.12,-1.57,1.85
0,0,38.99,100523,66.98,50,8.97,-0.83,5.52,1.91,-2.56,1.24
0,0,38.99,100523,66.98,50,8.97,-0.83,5.52,1.91,-2.56,1.24
0,0,38.99,100521,67.14,50,9.35,0.37,-1.74,1.42,-0.93,1.04
0,0,38.99,100521,67.14,50,9.35,0.37,-1.74,1.42,-0.93,1.04
0,0,38.99,100521,67.14,50,7.38,3.7,1.86,0.16,0.43,0.31
0,0,38.99,100521,67.14,50,7.38,3.7,1.86,0.16,0.43,0.31
0,0,39,100522,67.06,50,8.72,1.94,-2.94,1.04,-1.24,1.37
0,0,39,100522,67.06,50,8.72,1.94,-2.94,1.04,-1.24,1.37
0,0,39,100522,67.06,50,0.75,-2.24,8.92,0.3,-0.1,1.47
0,0,39,100522,67.06,50,0.75,-2.24,8.92,0.3,-0.1,1.47
0,0,39,100522,67.06,50,-3.32,-2.4,7.84,1.18,-0.9,1.55
0,0,39,100522,67.06,50,-3.32,-2.4,7.84,1.18,-0.9,1.55
0,0,39.01,100523,66.98,50,10.05,0.77,-2.28,1.84,-0.48,0.98
0,0,39.01,100523,66.98,50,10.05,0.77,-2.28,1.84,-0.48,0.98
0,0,39.01,100519,67.31,50,8.42,1.75,-3.53,-0.54,-0.93,1.77
0,0,39.01,100519,67.31,50,8.42,1.75,-3.53,-0.54,-0.93,1.77
0,0,39.01,100520,67.23,50,7.52,-4.27,-7.77,1.82,-1.27,1.24
0,0,39.01,100520,67.23,50,7.52,-4.27,-7.77,1.82,-1.27,1.24
0,0,39.02,100521,67.14,50,7.59,-6.69,-5.49,0.47,-1.42,0.1
0,0,39.02,100521,67.14,50,7.59,-6.69,-5.49,0.47,-1.42,0.1
0,0,39.02,100520,67.23,50,5.28,-5.51,-7.57,1.21,-1.47,1.26
0,0,39.02,100520,67.23,50,5.28,-5.51,-7.57,1.21,-1.47,1.26
0,0,39.03,100520,67.23,50,4.14,-6.66,-5.59,1.85,-1.95,0.99
0,0,39.03,100520,67.23,50,4.14,-6.66,-5.59,1.85,-1.95,0.99
0,0,39.03,100520,67.23,50,4.36,-6.77,-6.34,1.17,-1.34,0.84
0,0,39.03,100520,67.23,50,4.36,-6.77,-6.34,1.17,-1.34,0.84
0,0,39.03,100522,67.06,50,4.88,-7.31,-6.27,0.79,-0.42,1.11
0,0,39.03,100522,67.06,50,4.88,-7.31,-6.27,0.79,-0.42,1.11
0,0,39.04,100521,67.14,50,5.03,-7.83,-4.98,1.05,-0.54,1.1
0,0,39.04,100521,67.14,50,5.03,-7.83,-4.98,1.05,-0.54,1.1
0,0,39.05,100522,67.06,50,6.18,-8.61,-1.3,0.87,2.27,1.72
0,0,39.05,100522,67.06,50,6.18,-8.61,-1.3,0.87,2.27,1.72
0,0,39.05,100524,66.89,50,6.43,-6.61,-1.92,1.04,-1.24,1.58
0,0,39.05,100524,66.89,50,6.43,-6.61,-1.92,1.04,-1.24,1.58
0,0,39.06,100523,66.98,50,4.04,-9.3,0.11,0.75,-0.37,1.37
0,0,39.06,100523,66.98,50,4.04,-9.3,0.11,0.75,-0.37,1.37
0,0,39.07,100526,66.72,50,4.2,-9.55,0.6,1.37,-0.87,1.15
0,0,39.07,100526,66.72,50,4.2,-9.55,0.6,1.37,-0.87,1.15
0,0,39.07,100523,66.98,50,3.17,-8.9,0.21,1.03,-0.57,1.03
0,0,39.07,100523,66.98,50,3.17,-8.9,0.21,1.03,-0.57,1.03
0,0,39.07,100521,67.14,50,2.06,-9.31,0.48,1.15,-1.07,1.23
0,0,39.07,100521,67.14,50,2.06,-9.31,0.48,1.15,-1.07,1.23
0,0,39.07,100522,67.06,50,2.82,-8.85,2.22,1.32,-0.49,0.97
0,0,39.56,100521,67.14,48,3.59,2.18,7.7,2.11,-0.56,1.88
0,0,39.57,100525,66.81,48,3.72,4.39,7.44,0.9,-0.7,0.99
0,0,39.57,100525,66.81,48,3.72,4.39,7.44,0.9,-0.7,0.99
0,0,39.57,100522,67.06,48,5.12,4.57,5.6,1.46,-0.67,1.52
0,0,39.57,100522,67.06,48,5.12,4.57,5.6,1.46,-0.67,1.52
0,0,39.57,100522,67.06,48,5.65,3.82,6.33,1.16,-0.76,1.01
0,0,39.57,100522,67.06,48,5.65,3.82,6.33,1.16,-0.76,1.01
0,0,39.57,100524,66.89,48,5.02,4.32,6,1.13,-0.6,1.08
0,0,39.57,100524,66.89,48,5.02,4.32,6,1.13,-0.6,1.08
0,0,39.57,100524,66.89,48,4.91,5.28,5.32,0.45,-0.48,0.82
0,0,39.57,100524,66.89,48,4.91,5.28,5.32,0.45,-0.48,0.82
0,0,39.57,100523,66.98,48,2.69,1.46,7.6,0.25,-1.35,0.09
0,0,39.57,100523,66.98,48,2.69,1.46,7.6,0.25,-1.35,0.09
0,0,39.57,100524,66.89,48,1.91,1.81,8.31,1.19,-0.77,1.13
0,0,39.57,100524,66.89,48,1.91,1.81,8.31,1.19,-0.77,1.13
0,0,39.57,100524,66.89,48,3.07,2.46,7.98,0.67,-0.35,1.47
0,0,39.57,100524,66.89,48,3.07,2.46,7.98,0.67,-0.35,1.47
0,0,39.57,100522,67.06,48,2.67,0.7,7.57,0.86,-0.81,0.62
0,0,39.57,100522,67.06,48,2.67,0.7,7.57,0.86,-0.81,0.62
0,0,39.57,100522,67.06,48,3.36,0.72,7.91,1.2,-0.7,1.45
0,0,39.57,100522,67.06,48,3.36,0.72,7.91,1.2,-0.7,1.45
0,0,39.58,100524,66.89,48,2.78,1.83,7.98,1.77,-0.58,1.75
0,0,39.58,100524,66.89,48,2.78,1.83,7.98,1.77,-0.58,1.75
0,0,39.58,100522,67.06,48,2.87,2.75,8.41,0.89,-1.04,0.52
0,0,39.58,100522,67.06,48,2.87,2.75,8.41,0.89,-1.04,0.52
0,0,39.58,100523,66.98,48,2.02,2.72,7.86,0.7,-0.61,0.56
0,0,39.58,100523,66.98,48,2.02,2.72,7.86,0.7,-0.61,0.56
0,0,39.58,100524,66.89,48,2.13,3.34,7.02,1.61,0.44,1.74
0,0,39.58,100524,66.89,48,2.13,3.34,7.02,1.61,0.44,1.74
0,0,39.58,100523,66.98,48,0.87,-0.45,7.61,1.17,-0.99,1.46
0,0,39.58,100523,66.98,48,0.87,-0.45,7.61,1.17,-0.99,1.46
0,0,39.58,100521,67.14,48,2.83,-0.92,8.17,0.49,-0.6,1.11
0,0,39.58,100521,67.14,48,2.83,-0.92,8.17,0.49,-0.6,1.11
0,0,39.58,100519,67.31,48,1.58,-0.79,8.54,1.48,-1.58,1.49
0,0,39.58,100519,67.31,48,1.58,-0.79,8.54,1.48,-1.58,1.49
0,0,39.58,100520,67.23,48,10.85,-4.09,8.22,1.31,0.01,-1.04
0,0,39.58,100520,67.23,48,10.85,-4.09,8.22,1.31,0.01,-1.04
0,0,39.59,100524,66.89,48,3.9,-5.94,1.92,0.32,-1.32,1.49
0,0,39.59,100524,66.89,48,3.9,-5.94,1.92,0.32,-1.32,1.49
0,0,39.59,100521,67.14,48,7.72,-2.11,6.75,0.3,-0.61,1.02
0,0,39.59,100521,67.14,48,7.72,-2.11,6.75,0.3,-0.61,1.02
0,0,39.59,100518,67.39,48,6.58,-1.7,6.33,1.21,-0.16,0.77
0,0,39.59,100518,67.39,48,6.58,-1.7,6.33,1.21,-0.16,0.77
0,0,39.59,100517,67.48,48,5.54,-0.25,8.03,1.01,-0.19,1.23
0,0,39.59,100517,67.48,48,5.54,-0.25,8.03,1.01,-0.19,1.23
0,0,39.59,100518,67.39,48,4.53,1.38,7.27,1.08,-0.76,1.2
0,0,39.59,100518,67.39,48,4.53,1.38,7.27,1.08,-0.76,1.2
0,0,39.6,100519,67.31,48,4.67,3.01,6.79,0.69,-1.45,0.85
0,0,39.6,100519,67.31,48,4.67,3.01,6.79,0.69,-1.45,0.85
0,0,39.6,100521,67.14,48,5.44,2.24,6.57,1.29,-0.94,1.39
0,0,39.6,100521,67.14,48,5.44,2.24,6.57,1.29,-0.94,1.39
0,0,39.6,100518,67.39,48,2.7,3.23,8.66,0.36,-0.4,0.46
0,0,39.6,100518,67.39,48,2.7,3.23,8.66,0.36,-0.4,0.46
0,0,39.59,100514,67.73,48,3.87,-5.46,3.91,0.08,-0.92,0.37
0,0,39.59,100514,67.73,48,3.87,-5.46,3.91,0.08,-0.92,0.37
0,0,39.6,100517,67.48,48,3.03,-6,6.11,1.18,-0.48,1.92
0,0,39.6,100517,67.48,48,3.03,-6,6.11,1.18,-0.48,1.92
0,0,39.6,100515,67.65,48,2.79,-7.72,5.94,1.47,-1.18,1.14
0,0,39.6,100515,67.65,48,2.79,-7.72,5.94,1.47,-1.18,1.14
0,0,39.61,100519,67.31,48,-0.86,-2.85,6.85,1.07,-0.01,0.98
0,0,39.61,100519,67.31,48,-0.86,-2.85,6.85,1.07,-0.01,0.98
0,0,39.61,100516,67.56,48,1.13,-4.86,6.37,1.06,0.12,0.91
0,0,39.61,100516,67.56,48,1.13,-4.86,6.37,1.06,0.12,0.91
0,0,39.61,100517,67.48,48,1.83,-6.98,4.44,0.1,-0.94,0.6
0,0,39.61,100517,67.48,48,1.83,-6.98,4.44,0.1,-0.94,0.6
0,0,39.61,100517,67.48,48,9.13,-8.48,-3.66,0.84,-3.07,1.33
0,0,39.61,100517,67.48,48,9.13,-8.48,-3.66,0.84,-3.07,1.33
0,0,39.62,100514,67.73,48,5.26,-2.33,6.79,2.03,0.13,-0.89
0,0,39.62,100514,67.73,48,5.26,-2.33,6.79,2.03,0.13,-0.89
0,0,39.62,100519,67.31,48,5.21,0.15,7.6,1.1,-0.64,1.25
0,0,39.62,100519,67.31,48,5.21,0.15,7.6,1.1,-0.64,1.25
0,0,39.62,100521,67.14,48,5.39,0.27,7.37,1.15,-0.59,1.33
0,0,39.62,100521,67.14,48,5.39,0.27,7.37,1.15,-0.59,1.33
0,0,39.62,100520,67.23,48,4,0.6,7.75,1.2,0.57,1.31
0,0,39.62,100520,67.23,48,4,0.6,7.75,1.2,0.57,1.31
0,0,39.62,100516,67.56,48,2.55,-3.36,4.97,-1.09,-1.78,-0.15
0,0,39.62,100516,67.56,48,2.55,-3.36,4.97,-1.09,-1.78,-0.15
0,0,39.62,100516,67.56,48,3.36,-5.95,5.78,1.94,-0.31,1.45
0,0,39.62,100516,67.56,48,3.36,-5.95,5.78,1.94,-0.31,1.45
0,0,39.63,100475,71,48,0.42,5,2.44,5.41,-5.08,-0.12
0,0,39.63,100475,71,48,0.42,5,2.44,5.41,-5.08,-0.12
0,0,39.62,100537,65.8,48,-1.93,4.48,4.99,-3.13,-1.19,-3.24
0,0,39.62,100537,65.8,48,-1.93,4.48,4.99,-3.13,-1.19,-3.24
0,0,39.62,100565,63.46,48,-1.98,3.38,7.33,0.49,0.59,2.68
0,0,39.62,100565,63.46,48,-1.98,3.38,7.33,0.49,0.59,2.68
0,0,39.62,100600,60.53,48,-2.2,4.43,7.89,-0.72,3.49,-3.24
0,0,39.62,100600,60.53,48,-2.2,4.43,7.89,-0.72,3.49,-3.24
0,0,39.62,100632,57.85,48,-2.89,3.74,7.64,-0.97,-1.05,3.97
0,0,39.62,100632,57.85,48,-2.89,3.74,7.64,-0.97,-1.05,3.97
0,0,39.62,100662,55.34,48,-2.63,3.71,7.58,1.63,-2.35,-0.93
0,0,39.62,100662,55.34,48,-2.63,3.71,7.58,1.63,-2.35,-0.93
0,0,39.62,100692,52.83,48,-2.56,3.99,8.2,1.87,-2.98,-3.24
0,0,39.62,100692,52.83,48,-2.56,3.99,8.2,1.87,-2.98,-3.24
0,0,39.62,100724,50.15,48,-2.59,4,7.24,0.52,1.4,4.33
0,0,39.62,100724,50.15,48,-2.59,4,7.24,0.52,1.4,4.33
0,0,39.63,100753,47.73,48,-2.34,3.64,6.62,1.32,-1.09,-0.31
0,0,39.63,100753,47.73,48,-2.34,3.64,6.62,1.32,-1.09,-0.31
0,0,39.62,100786,44.97,48,-2.66,3.57,6.95,0.9,-0.62,1.75
0,0,39.62,100786,44.97,48,-2.66,3.57,6.95,0.9,-0.62,1.75
0,0,39.62,100814,42.63,48,2.53,3.75,11.22,5.41,3.65,-3.24
0,0,39.62,100814,42.63,48,2.53,3.75,11.22,5.41,3.65,-3.24
0,0,39.61,100854,39.28,48,-1.68,2.74,6.96,5.41,1.28,-1.26
0,0,39.61,100854,39.28,48,-1.68,2.74,6.96,5.41,1.28,-1.26
0,0,39.61,100888,36.44,48,-2.8,3.5,10.88,-2.77,-1.95,2.29
0,0,39.61,100888,36.44,48,-2.8,3.5,10.88,-2.77,-1.95,2.29
0,0,39.63,100923,33.52,48,-2.11,5.01,8.91,-2.14,3.65,3.97
0,0,39.63,100923,33.52,48,-2.11,5.01,8.91,-2.14,3.65,3.97
0,0,39.62,100950,31.26,48,-1.85,4.05,6.79,-1.54,3.18,-3.24
0,0,39.62,100950,31.26,48,-1.85,4.05,6.79,-1.54,3.18,-3.24
0,0,39.62,100974,29.26,48,-5.79,19.14,24.6,-3.31,-5.08,-3.24
0,0,39.62,100974,29.26,48,-5.79,19.14,24.6,-3.31,-5.08,-3.24
0,0,39.61,100975,29.18,48,-4.58,6.56,10.6,-0.81,-3.6,0.9
0,0,39.61,100975,29.18,48,-4.58,6.56,10.6,-0.81,-3.6,0.9
0,0,39.61,100977,29.01,48,-0.47,5.32,7.16,3.17,-4.72,-3.24
0,0,39.61,100977,29.01,48,-0.47,5.32,7.16,3.17,-4.72,-3.24
0,0,39.61,100976,29.09,48,-1.04,1.9,3.65,-0.01,0.03,-2.22
0,0,39.61,100976,29.09,48,-1.04,1.9,3.65,-0.01,0.03,-2.22
0,0,39.61,100981,28.68,48,-1.89,2.9,5.65,2.02,-0.46,-3.24
0,0,39.61,100981,28.68,48,-1.89,2.9,5.65,2.02,-0.46,-3.24
0,0,39.61,100983,28.51,48,-2.92,5.28,10.19,1.71,-3.51,-2.12
0,0,39.61,100983,28.51,48,-2.92,5.28,10.19,1.71,-3.51,-2.12
0,0,39.61,100981,28.68,48,-3.77,0.42,8.81,3.85,-1.89,3.69
0,0,39.61,100981,28.68,48,-3.77,0.42,8.81,3.85,-1.89,3.69
0,0,39.61,100979,28.84,48,-3.97,-2.72,5.27,-2.28,0.16,4.81
0,0,39.61,100979,28.84,48,-3.97,-2.72,5.27,-2.28,0.16,4.81
0,0,39.61,100979,28.84,48,-11.23,0.02,-1.58,5.41,-2.08,1.23
0,0,39.61,100979,28.84,48,-11.23,0.02,-1.58,5.41,-2.08,1.23
0,0,39.61,100978,28.93,48,-6.79,6.8,0,0.88,-1.13,1.75
0,0,39.61,100978,28.93,48,-6.79,6.8,0,0.88,-1.13,1.75
0,0,39.61,100975,29.18,48,-6.58,5.85,-4.38,1.28,1.09,0.65
0,0,39.61,100975,29.18,48,-6.58,5.85,-4.38,1.28,1.09,0.65
0,0,39.61,100977,29.01,48,-11.83,-2.83,-8.16,0.48,0.13,0.52
0,0,39.61,100977,29.01,48,-11.83,-2.83,-8.16,0.48,0.13,0.52
0,0,39.6,100976,29.09,48,-11.51,4.32,-2.77,4.03,0.45,0.87
0,0,39.6,100976,29.09,48,-11.51,4.32,-2.77,4.03,0.45,0.87
0,0,39.6,100978,28.93,48,-10.38,-1.59,4.82,-1.34,-0.71,1.58
0,0,39.6,100978,28.93,48,-10.38,-1.59,4.82,-1.34,-0.71,1.58
0,0,39.6,100973,29.34,48,-6.95,-18.2,-5.1,-3.31,0.19,-1.88
0,0,39.6,100973,29.34,48,-6.95,-18.2,-5.1,-3.31,0.19,-1.88
0,0,39.59,100978,28.93,48,-5.46,7.24,-8.11,2.11,-2.18,0.85
0,0,39.59,100978,28.93,48,-5.46,7.24,-8.11,2.11,-2.18,0.85
0,0,39.59,100975,29.18,48,-5.84,2.54,-6.48,5.1,0.01,4.07
0,0,39.59,100975,29.18,48,-5.84,2.54,-6.48,5.1,0.01,4.07
0,0,39.59,100974,29.26,48,-8.96,1.56,12.18,1.67,-1.89,1.68
0,0,39.59,100974,29.26,48,-8.96,1.56,12.18,1.67,-1.89,1.68
0,0,39.6,100977,29.01,48,-4.93,3.58,9.23,3,-1.01,1.57
0,0,39.6,100977,29.01,48,-4.93,3.58,9.23,3,-1.01,1.57
0,0,39.6,100976,29.09,48,-3.76,0.55,-5.34,3.92,1.23,3.85
0,0,39.6,100976,29.09,48,-3.76,0.55,-5.34,3.92,1.23,3.85
0,0,39.59,100979,28.84,48,-1.45,5.21,-10.08,1.34,-1.77,0.91
0,0,39.59,100979,28.84,48,-1.45,5.21,-10.08,1.34,-1.77,0.91
0,0,39.59,100976,29.09,48,-8.93,4.66,-16.18,0.61,-0.62,2.43
0,0,39.59,100976,29.09,48,-8.93,4.66,-16.18,0.61,-0.62,2.43
0,0,39.59,100973,29.34,48,-17.7,-0.7,-12.16,0.81,-2.3,-0.37
0,0,39.59,100973,29.34,48,-17.7,-0.7,-12.16,0.81,-2.3,-0.37
0,0,39.59,100974,29.26,48,-0.37,-2.32,-0.63,-1.85,-4.61,4.59
0,0,39.59,100974,29.26,48,-0.37,-2.32,-0.63,-1.85,-4.61,4.59
0,0,39.58,100974,29.26,48,-7.57,-2.83,-1.77,-0.57,-1.82,4.97
0,0,39.58,100974,29.26,48,-7.57,-2.83,-1.77,-0.57,-1.82,4.97
0,0,39.59,100978,28.93,48,-6.15,0.57,-6.85,1.34,1,1.06
0,0,39.59,100978,28.93,48,-6.15,0.57,-6.85,1.34,1,1.06
0,0,39.58,100979,28.84,48,-9.37,-0.85,-3.6,1.25,-4.35,0.78
0,0,39.58,100979,28.84,48,-9.37,-0.85,-3.6,1.25,-4.35,0.78
0,0,39.58,100978,28.93,48,-6.65,1.58,2.27,-0.09,0.06,1.13
0,0,39.58,100978,28.93,48,-6.65,1.58,2.27,-0.09,0.06,1.13
0,0,39.58,100978,28.93,48,-9.36,2.74,-3.89,0.73,1.01,1.08
0,0,39.58,100978,28.93,48,-9.36,2.74,-3.89,0.73,1.01,1.08
0,0,39.58,100978,28.93,48,-8.26,3.97,0.59,0.82,-2.36,0.25
0,0,39.58,100978,28.93,48,-8.26,3.97,0.59,0.82,-2.36,0.25
0,0,39.58,100981,28.68,48,-5.22,-6.5,3.48,1.02,-0.43,0.09
0,0,39.58,100981,28.68,48,-5.22,-6.5,3.48,1.02,-0.43,0.09
0,0,39.58,100982,28.59,48,-5.85,-5.67,3.88,0.89,-0.92,0.92
0,0,39.58,100982,28.59,48,-5.85,-5.67,3.88,0.89,-0.92,0.92
0,0,39.58,100983,28.51,48,-3.05,-5.24,5.29,1.09,-0.32,0.89
0,0,39.58,100983,28.51,48,-3.05,-5.24,5.29,1.09,-0.32,0.89
0,0,39.58,100979,28.84,48,-1.05,-7.06,7.1,0.53,-0.84,0.47
0,0,39.58,100979,28.84,48,-1.05,-7.06,7.1,0.53,-0.84,0.47
0,0,39.58,100982,28.59,48,0.12,-5.23,9.26,1.59,-0.01,-0.24
0,0,39.58,100982,28.59,48,0.12,-5.23,9.26,1.59,-0.01,-0.24
0,0,39.58,100979,28.84,48,-1.76,-2.76,8.94,1.64,0.6,0.62
0,0,39.58,100979,28.84,48,-1.76,-2.76,8.94,1.64,0.6,0.62
0,0,39.58,100981,28.68,48,-3.85,-1.78,7.32,1.09,-0.75,1.24
0,0,39.58,100981,28.68,48,-3.85,-1.78,7.32,1.09,-0.75,1.24
0,0,39.58,100982,28.59,48,-5.44,-5.66,8.38,1.3,-1.21,3.56
0,0,39.58,100982,28.59,48,-5.44,-5.66,8.38,1.3,-1.21,3.56
0,0,39.58,100979,28.84,48,-7.83,-4.79,6.56,1.03,-0.52,1.7
0,0,39.58,100979,28.84,48,-7.83,-4.79,6.56,1.03,-0.52,1.7
0,0,39.58,100979,28.84,48,-0.4,-0.49,7.46,1.58,-2.6,0.64
0,0,39.58,100979,28.84,48,-0.4,-0.49,7.46,1.58,-2.6,0.64
0,0,39.58,100980,28.76,48,1.21,-5.92,8.09,1.04,-0.41,1.27
0,0,39.58,100980,28.76,48,1.21,-5.92,8.09,1.04,-0.41,1.27
0,0,39.58,100981,28.68,48,-3.73,-6.22,8.41,2.93,3.65,-3.24
0,0,39.58,100981,28.68,48,-3.73,-6.22,8.41,2.93,3.65,-3.24
0,0,39.59,100977,29.01,48,-14.12,-3.08,0.74,5.41,-2.91,-1.29
0,0,39.59,100977,29.01,48,-14.12,-3.08,0.74,5.41,-2.91,-1.29
0,0,39.58,100978,28.93,48,-8.34,-3.82,-0.8,-0.31,-3.74,-3.24
0,0,39.58,100978,28.93,48,-8.34,-3.82,-0.8,-0.31,-3.74,-3.24
0,0,39.59,100975,29.18,48,-3.41,-11.15,8.11,-0.16,-0.67,1.98
0,0,39.59,100975,29.18,48,-3.41,-11.15,8.11,-0.16,-0.67,1.98
0,0,39.59,100976,29.09,48,-2.3,-9.47,4.05,1.67,-0.86,0.99
0,0,39.59,100976,29.09,48,-2.3,-9.47,4.05,1.67,-0.86,0.99
0,0,39.59,100971,29.51,48,7.14,-9.68,5.05,2.28,2.21,3.82
0,0,39.59,100971,29.51,48,7.14,-9.68,5.05,2.28,2.21,3.82
0,0,39.59,100974,29.26,48,2.14,-8.01,3.57,0.68,-1.22,1.44
0,0,39.59,100974,29.26,48,2.14,-8.01,3.57,0.68,-1.22,1.44
0,0,39.59,100974,29.26,48,2.72,-8.09,3.84,1.02,-0.59,1.22
0,0,39.59,100974,29.26,48,2.72,-8.09,3.84,1.02,-0.59,1.22
0,0,39.6,100974,29.26,48,0.12,-8.93,0.55,1.07,-2.65,2.14
0,0,39.6,100974,29.26,48,0.12,-8.93,0.55,1.07,-2.65,2.14
0,0,39.6,100975,29.18,48,1.6,-7.51,4.45,2.15,-0.45,0.88
0,0,39.6,100975,29.18,48,1.6,-7.51,4.45,2.15,-0.45,0.88
0,0,39.6,100976,29.09,48,-3.12,-12.86,-9.01,5.41,-2.12,2.23
0,0,39.6,100976,29.09,48,-3.12,-12.86,-9.01,5.41,-2.12,2.23
0,0,39.6,100975,29.18,48,-7.93,-5.48,3.02,1.03,0.6,1.31
0,0,39.6,100975,29.18,48,-7.93,-5.48,3.02,1.03,0.6,1.31
0,0,39.6,100982,28.59,48,-3.53,-9.39,2.31,0.56,-0.38,0.86
0,0,39.6,100982,28.59,48,-3.53,-9.39,2.31,0.56,-0.38,0.86
0,0,39.6,100979,28.84,48,-3.05,-6.95,2.54,1.06,-1.34,1.16
0,0,39.6,100979,28.84,48,-3.05,-6.95,2.54,1.06,-1.34,1.16
0,0,39.6,100980,28.76,48,-4.89,-7.89,3.67,0.05,-1.85,1.09
0,0,39.6,100980,28.76,48,-4.89,-7.89,3.67,0.05,-1.85,1.09
0,0,39.6,100979,28.84,48,-1.69,-7.95,-4.45,0.19,-1.62,2.88
0,0,39.6,100979,28.84,48,-1.69,-7.95,-4.45,0.19,-1.62,2.88
0,0,39.61,100979,28.84,48,-3.93,-7.33,-0.25,1.17,-0.48,0.32
0,0,39.61,100979,28.84,48,-3.93,-7.33,-0.25,1.17,-0.48,0.32
0,0,39.61,100979,28.84,48,-2.35,-7.13,-7.56,-0.27,-0.07,1.27
0,0,39.61,100979,28.84,48,-2.35,-7.13,-7.56,-0.27,-0.07,1.27
0,0,39.61,100977,29.01,48,-0.59,-3.37,-8.33,-2.77,2.09,0.35
0,0,39.61,100977,29.01,48,-0.59,-3.37,-8.33,-2.77,2.09,0.35
0,0,39.61,100976,29.09,48,0.54,1.13,-7.91,0.82,1.26,0.35
0,0,39.61,100976,29.09,48,0.54,1.13,-7.91,0.82,1.26,0.35
0,0,39.61,100977,29.01,48,-5.31,-3.24,-24.16,-0.87,0.82,2
0,0,39.61,100977,29.01,48,-5.31,-3.24,-24.16,-0.87,0.82,2
0,0,39.61,100972,29.43,48,0.96,2.72,-9.9,1.37,-1.49,1.74
0,0,39.61,100972,29.43,48,0.96,2.72,-9.9,1.37,-1.49,1.74
0,0,39.61,100979,28.84,48,3,6.4,-9.96,-1.06,0.19,1.91
0,0,39.61,100979,28.84,48,3,6.4,-9.96,-1.06,0.19,1.91
0,0,39.61,100980,28.76,48,4.73,7.36,1.33,0.61,0.07,1.6
0,0,39.61,100980,28.76,48,4.73,7.36,1.33,0.61,0.07,1.6
0,0,39.61,100976,29.09,48,-9.3,11.21,-0.84,0.61,2.53,3.65
0,0,39.61,100976,29.09,48,-9.3,11.21,-0.84,0.61,2.53,3.65
0,0,39.61,100972,29.43,48,0.61,6.83,8.47,3.54,-3.02,1.35
0,0,39.61,100972,29.43,48,0.61,6.83,8.47,3.54,-3.02,1.35
0,0,39.61,100978,28.93,48,3.52,9.1,0.01,1.24,-1.79,0
0,0,39.61,100978,28.93,48,3.52,9.1,0.01,1.24,-1.79,0
0,0,39.61,100979,28.84,48,10.41,0.99,-6.33,0.88,-1.12,3.05
0,0,39.61,100979,28.84,48,10.41,0.99,-6.33,0.88,-1.12,3.05
0,0,39.61,100980,28.76,48,9.71,2.83,-2.14,1.46,0.23,0.52
0,0,39.61,100980,28.76,48,9.71,2.83,-2.14,1.46,0.23,0.52
0,0,39.61,100978,28.93,48,7.4,5.42,-0.13,1.26,-0.94,0.41
0,0,39.61,100978,28.93,48,7.4,5.42,-0.13,1.26,-0.94,0.41
0,0,39.61,100978,28.93,48,5.88,9.24,0.49,0.71,-0.57,1.09
0,0,39.61,100978,28.93,48,5.88,9.24,0.49,0.71,-0.57,1.09
0,0,39.61,100977,29.01,48,7.18,1.54,2.19,0.35,-2.29,-0.19
0,0,39.61,100977,29.01,48,7.18,1.54,2.19,0.35,-2.29,-0.19
0,0,39.61,100979,28.84,48,2.73,9.46,-1.62,1.65,-0.7,1.47
0,0,39.61,100979,28.84,48,2.73,9.46,-1.62,1.65,-0.7,1.47
0,0,39.61,100970,29.59,48,0.18,-1.15,1.28,-0.13,1.39,0.94
0,0,39.61,100970,29.59,48,0.18,-1.15,1.28,-0.13,1.39,0.94
0,0,39.61,100974,29.26,48,5.39,4.89,3.29,1.51,-2.04,1.75
0,0,39.61,100974,29.26,48,5.39,4.89,3.29,1.51,-2.04,1.75
0,0,39.61,100975,29.18,48,9.54,0.1,-3.54,0.04,-1.2,0.82
0,0,39.61,100975,29.18,48,9.54,0.1,-3.54,0.04,-1.2,0.82
0,0,39.61,100980,28.76,48,6.93,6.87,-6.84,1.28,-0.98,1.15
0,0,39.61,100980,28.76,48,6.93,6.87,-6.84,1.28,-0.98,1.15
0,0,39.61,100974,29.26,48,1.78,8.88,-5.29,4.35,2.9,0.95
0,0,39.61,100974,29.26,48,1.78,8.88,-5.29,4.35,2.9,0.95
0,0,39.61,100978,28.93,48,8,4.25,-0.92,0.29,-2.91,1.13
0,0,39.61,100978,28.93,48,8,4.25,-0.92,0.29,-2.91,1.13
0,0,39.61,100979,28.84,48,6.41,3.5,-7.21,-1.58,-0.75,2.49
0,0,39.61,100979,28.84,48,6.41,3.5,-7.21,-1.58,-0.75,2.49
0,0,39.61,100977,29.01,48,10.38,-1.36,0.13,-2.69,-2.24,-0.38
0,0,39.61,100977,29.01,48,10.38,-1.36,0.13,-2.69,-2.24,-0.38
0,0,39.61,100969,29.68,48,2.56,2.61,-3.03,2.97,3.65,2.5
0,0,39.61,100969,29.68,48,2.56,2.61,-3.03,2.97,3.65,2.5
0,0,39.61,100983,28.51,48,-10.19,9.87,2.51,2.41,0.27,1.22
0,0,39.61,100983,28.51,48,-10.19,9.87,2.51,2.41,0.27,1.22
0,0,39.61,100980,28.76,48,7.13,5.1,-10.82,-2.77,-4.51,4.33
0,0,39.61,100980,28.76,48,7.13,5.1,-10.82,-2.77,-4.51,4.33
0,0,39.61,100969,29.68,48,-2.34,6.98,-5.48,3.51,3.65,2.47
0,0,39.61,100969,29.68,48,-2.34,6.98,-5.48,3.51,3.65,2.47
0,0,39.61,100981,28.68,48,0.62,9.98,-10.86,2.12,3.65,0.01
0,0,39.61,100981,28.68,48,0.62,9.98,-10.86,2.12,3.65,0.01
0,0,39.61,100979,28.84,48,3.57,11.67,-7.04,0.3,-1.28,-3.24
0,0,39.61,100979,28.84,48,3.57,11.67,-7.04,0.3,-1.28,-3.24
0,0,39.6,100977,29.01,48,-9.3,8.18,-10.67,5.41,-0.27,2.41
0,0,39.6,100977,29.01,48,-9.3,8.18,-10.67,5.41,-0.27,2.41
0,0,39.61,100981,28.68,48,-1.33,13.61,-7.46,5.41,-4.39,-3.24
0,0,39.61,100981,28.68,48,-1.33,13.61,-7.46,5.41,-4.39,-3.24
0,0,39.6,100978,28.93,48,-2.02,8.52,-11.68,1.91,1.29,1.65
0,0,39.6,100978,28.93,48,-2.02,8.52,-11.68,1.91,1.29,1.65
0,0,39.6,100979,28.84,48,-6.5,16.49,-4.96,5.36,2.95,2.71
0,0,39.6,100979,28.84,48,-6.5,16.49,-4.96,5.36,2.95,2.71
0,0,39.6,100981,28.68,48,5,7.74,-0.95,2.13,0.17,0.14
0,0,39.6,100981,28.68,48,5,7.74,-0.95,2.13,0.17,0.14
0,0,39.6,100980,28.76,48,2.49,9.79,-3.4,0.62,0.45,0.09
0,0,39.6,100980,28.76,48,2.49,9.79,-3.4,0.62,0.45,0.09
0,0,39.6,100979,28.84,48,-0.87,9.88,-3.87,1.89,-0.14,0.14
0,0,39.6,100979,28.84,48,-0.87,9.88,-3.87,1.89,-0.14,0.14
0,0,39.6,100982,28.59,48,-3.18,-8.73,0.21,0.75,-1.75,2.68
0,0,39.6,100982,28.59,48,-3.18,-8.73,0.21,0.75,-1.75,2.68
0,0,39.6,100982,28.59,48,11.73,0.25,-1.92,2.3,-1.05,0.95
0,0,39.6,100982,28.59,48,11.73,0.25,-1.92,2.3,-1.05,0.95
0,0,39.61,100980,28.76,48,6.1,-5.57,-0.9,2.58,-0.4,2.48
0,0,39.61,100980,28.76,48,6.1,-5.57,-0.9,2.58,-0.4,2.48
0,0,39.61,100981,28.68,48,7.36,-5.4,-4.71,1.14,0.83,0.87
0,0,39.61,100981,28.68,48,7.36,-5.4,-4.71,1.14,0.83,0.87
0,0,39.61,100980,28.76,48,3.36,-7.56,3.61,2.51,-0.94,1.79
0,0,39.61,100980,28.76,48,3.36,-7.56,3.61,2.51,-0.94,1.79
0,0,39.62,100980,28.76,48,2.83,-5.96,3.24,0.42,1.18,0.45
0,0,39.62,100980,28.76,48,2.83,-5.96,3.24,0.42,1.18,0.45
0,0,39.62,100981,28.68,48,4.62,-0.23,6.42,2.11,1.53,0.96
0,0,39.62,100981,28.68,48,4.62,-0.23,6.42,2.11,1.53,0.96
0,0,39.62,100982,28.59,48,-3.69,5.06,7.57,0.45,-1.83,-0.61
0,0,39.62,100982,28.59,48,-3.69,5.06,7.57,0.45,-1.83,-0.61
0,0,39.62,100977,29.01,48,-2.31,2.7,6.9,2.97,1.53,-1.3
0,0,39.62,100977,29.01,48,-2.31,2.7,6.9,2.97,1.53,-1.3
0,0,39.62,100981,28.68,48,-3.5,4.03,8.84,-1.77,-2.8,2.23
0,0,39.62,100981,28.68,48,-3.5,4.03,8.84,-1.77,-2.8,2.23
0,0,39.62,100980,28.76,48,-1.98,3.03,5.6,-2.64,-0.08,0.89
0,0,39.62,100980,28.76,48,-1.98,3.03,5.6,-2.64,-0.08,0.89
0,0,39.62,100980,28.76,48,-2.45,2.23,8.48,-1.34,-0.93,2.77
0,0,39.62,100980,28.76,48,-2.45,2.23,8.48,-1.34,-0.93,2.77
0,0,39.62,100980,28.76,48,0.45,-1.8,7.98,1.52,-0.88,0.75
0,0,39.62,100980,28.76,48,0.45,-1.8,7.98,1.52,-0.88,0.75
0,0,39.63,100979,28.84,48,3.9,4.31,9.33,1.05,-0.69,0.99
0,0,39.63,100979,28.84,48,3.9,4.31,9.33,1.05,-0.69,0.99
0,0,39.62,100979,28.84,48,1.08,1.77,7.75,1.91,-1.43,1.87
0,0,39.62,100979,28.84,48,1.08,1.77,7.75,1.91,-1.43,1.87
0,0,39.62,100974,29.26,48,-0.29,-0.68,7.32,1.81,0.53,1.69
0,0,39.62,100974,29.26,48,-0.29,-0.68,7.32,1.81,0.53,1.69
0,0,39.63,100975,29.18,48,-4.1,5.01,7.47,0.74,-0.35,0.97
0,0,39.63,100975,29.18,48,-4.1,5.01,7.47,0.74,-0.35,0.97
0,0,39.63,100978,28.93,48,4.25,1.08,9.38,-1.45,1.01,1.74
0,0,39.63,100978,28.93,48,4.25,1.08,9.38,-1.45,1.01,1.74
0,0,39.63,100976,29.09,48,5.5,3.72,5.06,-0.41,-0.29,-0.53
0,0,39.63,100976,29.09,48,5.5,3.72,5.06,-0.41,-0.29,-0.53
0,0,39.63,100976,29.09,48,3.52,-2.73,12.04,-0.12,1.1,-1.09
0,0,39.63,100976,29.09,48,3.52,-2.73,12.04,-0.12,1.1,-1.09
0,0,39.63,100976,29.09,48,0.9,12.03,8.91,0.75,-1.43,4.44
0,0,39.63,100976,29.09,48,0.9,12.03,8.91,0.75,-1.43,4.44
0,0,39.63,100976,29.09,48,-2.19,0.22,9.47,0.71,-0.47,1.1
0,0,39.63,100976,29.09,48,-2.19,0.22,9.47,0.71,-0.47,1.1
0,0,39.63,100979,28.84,48,2.33,-4.98,10.93,-3.31,0.8,0.67
0,0,39.63,100979,28.84,48,2.33,-4.98,10.93,-3.31,0.8,0.67
0,0,39.63,100979,28.84,48,2.6,-11.26,3.63,-0.33,-1.43,0.53
0,0,39.63,100979,28.84,48,2.6,-11.26,3.63,-0.33,-1.43,0.53
0,0,39.64,100977,29.01,48,-6.55,-7.36,0.31,0.41,-2.15,1.04
0,0,39.64,100977,29.01,48,-6.55,-7.36,0.31,0.41,-2.15,1.04
0,0,39.64,100975,29.18,48,-4.02,-4.53,-1.36,0.08,0.93,1.07
0,0,39.64,100975,29.18,48,-4.02,-4.53,-1.36,0.08,0.93,1.07
0,0,39.64,100979,28.84,48,1.71,-15.04,-0.9,-1.05,3.19,-1.59
0,0,39.64,100979,28.84,48,1.71,-15.04,-0.9,-1.05,3.19,-1.59
0,0,39.64,100978,28.93,48,6.55,-1.3,-8.6,3.65,-3.36,0.53
0,0,39.64,100978,28.93,48,6.55,-1.3,-8.6,3.65,-3.36,0.53
0,0,39.64,100980,28.76,48,-3.56,-4,6.86,2.23,-2,2.16
0,0,39.64,100980,28.76,48,-3.56,-4,6.86,2.23,-2,2.16
0,0,39.65,100980,28.76,48,-5.11,-4.08,11.34,2.07,-3.72,0.56
0,0,39.65,100980,28.76,48,-5.11,-4.08,11.34,2.07,-3.72,0.56
0,0,39.65,100979,28.84,48,1.23,-7.52,4.09,-1.91,2.45,-1.37
0,0,39.65,100979,28.84,48,1.23,-7.52,4.09,-1.91,2.45,-1.37
0,0,39.65,100976,29.09,48,1.96,-8.7,-2.3,1.51,-5.08,1.14
0,0,39.65,100976,29.09,48,1.96,-8.7,-2.3,1.51,-5.08,1.14
0,0,39.65,100975,29.18,48,-2.61,-8.38,-12.26,0.09,1.46,1.67
0,0,39.65,100975,29.18,48,-2.61,-8.38,-12.26,0.09,1.46,1.67
0,0,39.66,100977,29.01,48,-1.58,-10.3,-2.15,-2.79,3.46,-0.55
0,0,39.66,100977,29.01,48,-1.58,-10.3,-2.15,-2.79,3.46,-0.55
0,0,39.66,100980,28.76,48,3.56,-16.96,3.34,1.83,1.95,2.16
0,0,39.66,100980,28.76,48,3.56,-16.96,3.34,1.83,1.95,2.16
0,0,39.66,100979,28.84,48,-4.97,-0.12,-1.25,1.91,-1.4,-0.83
0,0,39.66,100979,28.84,48,-4.97,-0.12,-1.25,1.91,-1.4,-0.83
0,0,39.65,100976,29.09,48,-9.34,-2.36,-6.18,1.64,-1.5,0.1
0,0,39.65,100976,29.09,48,-9.34,-2.36,-6.18,1.64,-1.5,0.1
0,0,39.66,100979,28.84,48,-9.94,-3.68,0.89,0.69,-1.12,3.55
0,0,39.66,100979,28.84,48,-9.94,-3.68,0.89,0.69,-1.12,3.55
0,0,39.66,100978,28.93,48,-14.11,-20.43,17.4,4.73,-1.64,4.67
0,0,39.66,100978,28.93,48,-14.11,-20.43,17.4,4.73,-1.64,4.67
0,0,39.66,100977,29.01,48,13.3,-10.21,14.6,0.6,-0.09,-3.24
0,0,39.66,100977,29.01,48,13.3,-10.21,14.6,0.6,-0.09,-3.24
0,0,39.66,100968,29.76,48,-0.23,-2.72,15.66,-3.19,-4.71,4.31
0,0,39.66,100968,29.76,48,-0.23,-2.72,15.66,-3.19,-4.71,4.31
0,0,39.66,100960,30.43,48,12.92,-20.04,-0.19,0.16,-1.95,0.73
0,0,39.66,100960,30.43,48,12.92,-20.04,-0.19,0.16,-1.95,0.73
0,0,39.66,100962,30.26,48,4.4,5.04,-19.76,1.85,0.71,0.58
0,0,39.66,100962,30.26,48,4.4,5.04,-19.76,1.85,0.71,0.58
0,0,39.67,100960,30.43,48,-2.62,-7.92,-9.89,5.41,-2.45,-3.24
0,0,39.67,100960,30.43,48,-2.62,-7.92,-9.89,5.41,-2.45,-3.24
0,0,39.67,100961,30.34,48,-1.92,2.78,4.9,1.92,-1.34,1.28
0,0,39.67,100961,30.34,48,-1.92,2.78,4.9,1.92,-1.34,1.28
0,0,39.66,100958,30.6,48,-17.25,-17.21,7.74,3.01,-3.17,0.53
0,0,39.66,100958,30.6,48,-17.25,-17.21,7.74,3.01,-3.17,0.53
0,0,39.66,100952,31.1,48,-5.53,-4.58,-10.17,1.75,-0.81,1.38
0,0,39.66,100952,31.1,48,-5.53,-4.58,-10.17,1.75,-0.81,1.38
0,0,39.66,100949,31.35,48,-10.58,5.52,6.53,-0.01,-0.59,-0.72
0,0,39.66,100949,31.35,48,-10.58,5.52,6.53,-0.01,-0.59,-0.72
0,0,39.66,100953,31.01,48,-5.2,-2.24,7.1,1.11,-1.73,1.13
0,0,39.66,100953,31.01,48,-5.2,-2.24,7.1,1.11,-1.73,1.13
0,0,39.66,100955,30.85,48,-2.78,-3.27,3.xe9,x91NQx92,-0.14,2.62
